id,family_id,source,mutation_type,pattern,difficulty,verification_status,split,change_ratio,same_code,original_chars,migrated_chars,original_lines,migrated_lines,function_name,repo
aa083477-f246-4602-950d-6c7692b1d7a9,dict_iteritems_01,mutation,dict_iteritems_not_converted,dict_iteritems,hard,strong,test,0.0,True,114,114,5,5,,
205524ec-b3b7-48d3-8907-eff5f8ffd163,dict_iterkeys_01,mutation,dict_iterkeys_not_converted,dict_iterkeys,hard,strong,val,0.0,True,93,93,5,5,,
06e237b6-6245-4290-b4ac-e5a41cf6797c,print_statement_01,mutation,print_argument_dropped,print_statement,hard,pending,train,0.1169,False,41,36,2,2,,
e83d75d5-65b1-4269-a640-9150fc8e9270,except_as_01,mutation,division_operator_wrong_direction,except_as,hard,strong,train,0.0242,False,102,105,5,5,,
4aa0d01c-0c45-498c-bd5f-87c8ab3b109d,except_as_01,mutation,except_var_used_outside_scope,except_as,hard,strong,train,0.0345,False,102,101,5,5,,
f7a52cb6-3eeb-46ab-b2c8-640024b29884,division_01,mutation,division_operator_flipped,division_operator,hard,strong,train,0.0,True,29,29,2,2,,
9a195514-ea2c-4c5f-8c54-b18cc0507f20,xrange_01,mutation,range_off_by_one,xrange_range,hard,strong,train,0.0476,False,91,98,5,5,,
9d9a9aef-c064-4884-9a4c-402792e0a96e,unicode_str_01,mutation,wrong_decode_encoding,unicode_str,hard,strong,test,0.2222,False,46,44,2,2,,
fa76c355-cbd7-4250-b031-e10768a80cc7,map_list_01,mutation,missing_list_wrap_on_iterator,map_returns_iterator,hard,strong,train,0.0,True,79,79,3,3,,
7242e8fe-623b-4fc2-b6ad-b2181f6f9288,has_key_01,mutation,has_key_membership_check_dropped,dict_has_key,hard,strong,test,0.1605,False,47,34,2,2,,
17bd4766-b330-4c2f-aacf-85e38fd1cac3,next_method_01,mutation,next_called_on_wrong_target,iterator_next,hard,strong,train,0.0556,False,55,53,3,3,,
0534b045-31f4-4215-9001-34875ea05067,raise_syntax_01,mutation,raise_wrong_exception_type,raise_from,hard,strong,train,0.0629,False,88,87,4,4,,
ab32d9c5-aec2-4bf5-8963-d3492d3ac5ae,sorted_cmp_01,mutation,cmp_to_key_import_dropped,sorted_cmp_to_key,hard,strong,test,0.0921,False,70,82,2,2,,
be5b7386-55b3-4476-b6d5-c12c2fec7339,basestring_01,mutation,basestring_narrowed_to_bytes,basestring_str,hard,strong,train,0.0909,False,52,47,2,2,,
31e78f1f-7c2b-4504-a57f-7ebb52b480b5,long_int_01,mutation,long_to_int_became_float,long_removed,hard,strong,train,0.0704,False,35,36,2,2,,
afc32dab-2ec3-4dc8-8ca5-f365178b3e84,urllib_import_01,mutation,stdlib_rename_partial,stdlib_reorg_urllib,hard,pending,train,0.0612,False,70,77,4,4,,
c2f4fd80-fdec-42f9-8419-8633a73d7d3a,stringio_01,mutation,stringio_wrong_module,stdlib_reorg_stringio,hard,strong,train,0.1534,False,101,88,6,6,,
55097ac0-93a3-4f9a-a582-878ba23261fc,dict_values_list_01,mutation,missing_list_wrap_on_iterator,dict_values_view,hard,strong,train,0.0,True,61,61,3,3,,
747bf923-1ee5-4b66-afec-33d25f5e265d,input_raw_input_01,mutation,input_prompt_dropped,raw_input_input,hard,pending,train,0.1071,False,62,50,3,3,,
75f77910-924d-4703-86d5-3ca8ac4c42fe,exec_statement_01,mutation,exec_argument_order_swapped,exec_statement,hard,strong,train,0.1646,False,40,39,2,2,,
a30d445a-c7e9-4bfb-8d02-d7e870a0dbe8,zip_list_01,mutation,missing_list_wrap_on_iterator,zip_returns_iterator,hard,strong,val,0.0,True,62,62,3,3,,
00c80650-a85a-41bb-86be-ce8bee2d6bdb,mined__github_py23_fea5b2c6db74a4d9,mutation,dict_iteritems_not_converted,mined:six.PY3,hard,pending,train,0.0653,False,2211,2000,47,44,,
520068fa-32a0-4b88-b68e-420364014e52,mined__github_py23_fea5b2c6db74a4d9,mutation,division_operator_flipped,mined:six.PY3,hard,pending,train,0.0647,False,2211,1995,47,44,,
5090e677-bef1-4ae4-b4ba-713212736ffa,mined__github_py23_e14435df73685e85,mutation,division_operator_flipped,mined:six.PY2,hard,pending,val,0.0154,False,2404,2331,54,52,,
25416873-8a83-4517-8bb9-748b0b4a41ae,mined__github_py23_fa5d4b926242ef70,mutation,division_operator_flipped,mined:six.PY2,hard,pending,train,0.1416,False,637,479,9,7,,
354b46a8-4fad-4b79-8170-2016d4f6b3e7,mined__github_py23_a7028b7606e9a577,mutation,division_operator_flipped,mined:six.PY2,hard,pending,train,0.1147,False,645,593,19,17,,
127cafe6-1862-482b-ac9a-17149bcabbc7,mined__github_py23_12d484075c40e123,mutation,division_operator_flipped,mined:six.PY3,hard,pending,train,0.0465,False,1293,1178,33,30,,
3e73c4ba-483d-4969-a29e-4e76f7cb5c07,mined__github_py23_78c3141b831cd1ba,mutation,division_operator_flipped,mined:six.PY3,hard,pending,val,0.1845,False,335,234,10,7,,
4e259495-2a70-481a-b34c-fcd9ab7a78f4,mined__github_py23_f2dcd767f9d15aee,mutation,division_operator_flipped,mined:six.PY2,hard,pending,train,0.0574,False,1086,968,21,19,,
b90974e6-e27a-44c5-b543-5f07229f25c5,mined__github_py23_911c259f7108f81f,mutation,division_operator_flipped,mined:six.PY2,hard,pending,train,0.1057,False,617,499,14,12,,
13889a07-f0f6-44f2-8edf-c64d9d92ea19,mined__github_py23_244953afef81edd2,mutation,division_operator_wrong_direction,mined:six.PY2,hard,pending,train,0.0509,False,1278,1156,33,28,,
860071c4-c4d9-4184-8cab-011922167ee4,mined__github_py23_72cb472888f5e754,mutation,dict_iteritems_not_converted,"mined:inspect.getargspec(,six.PY2",hard,pending,test,0.3614,False,314,209,10,6,,
b524f4cc-9757-4e07-a47c-3379303cd20f,mined__github_py23_6a40a8596538dad6,mutation,dict_iteritems_not_converted,"mined:inspect.getargspec(,six.PY2",hard,pending,train,0.3813,False,1517,778,36,22,,
0b7845b4-fa50-4d26-baad-44603734514e,mined__github_py23_01238bf196ee31bf,mutation,dict_iteritems_not_converted,mined:six.PY2,hard,pending,train,0.0643,False,1586,1402,40,37,,
74017a00-713c-4c1f-9474-18bb685875c0,mined__github_py23_6ce99cddecb1a0c7,mutation,division_operator_flipped,mined:six.PY2,hard,pending,train,0.1857,False,3189,2610,72,62,,
24e6c99a-cab9-4b9d-8c87-4590bf8fceb2,mined__github_py23_1d83d807e7df383b,mutation,dict_iteritems_not_converted,mined:.iteritems(,hard,pending,train,0.0197,False,332,329,9,9,,
12f75051-e3a8-44bd-9036-b25e3c2f4141,mined__github_py23_461f5ee536ce06bb,mutation,dict_iteritems_not_converted,mined:.iteritems(,hard,pending,val,0.019,False,344,341,9,9,,
1d4baff7-13fc-44fa-ac26-d6ec216f61bf,mined__github_py23_0599c01d84a6c605,mutation,division_operator_wrong_direction,mined:xrange(,hard,pending,train,0.0018,False,562,562,13,13,,
6eb82927-7333-4fd8-98eb-0b5b40e7461b,mined__github_py23_fe6228a697eb9e84,mutation,division_operator_flipped,mined:six.PY3,hard,pending,train,0.2392,False,1693,1372,45,39,,
30aa5346-37f8-445d-a40d-9efb5a7ce6e1,mined__github_py23_804f04de65739059,mutation,dict_iteritems_not_converted,mined:.assertEquals(,hard,pending,val,0.005,False,702,703,15,15,,
936abfdc-a6da-4099-86d3-12604166b63b,mined__github_py23_804f04de65739059,mutation,dict_iterkeys_not_converted,mined:.assertEquals(,hard,pending,val,0.0418,False,702,711,15,15,,
60cc5162-6d72-4bda-80f5-59a470be64a5,mined__github_py23_804f04de65739059,mutation,missing_list_wrap_on_iterator,mined:.assertEquals(,hard,pending,val,0.0065,False,702,693,15,15,,
917343e1-71da-43be-874d-3c559f3d67d2,mined__github_py23_1e998f132b882108,mutation,division_operator_flipped,mined:.assertEquals(,hard,pending,train,0.0014,False,691,689,15,15,,
900479c0-f07c-49af-8568-42fcfdb67d9f,mined__github_py23_bda2ebe43716097b,mutation,dict_iterkeys_not_converted,mined:.assertEquals(,hard,pending,val,0.0392,False,292,295,5,5,,
d2650df8-7426-4f3d-9985-139eb44bd618,mined__github_py23_a73106e0905c255e,mutation,dict_iterkeys_not_converted,"mined:.assertEquals(,.assertNotEquals(",hard,pending,test,0.006,False,824,830,21,21,,
60ac959c-4c82-4474-a6ad-afe2b9275eff,mined__github_py23_406cbbaff2137f23,mutation,division_operator_flipped,mined:.assertEquals(,hard,pending,test,0.0015,False,680,678,15,15,,
1a428cfd-03fb-45ca-9376-34aecd1094a6,mined__github_py23_de25447a54f044c0,mutation,dict_iterkeys_not_converted,mined:.assertEquals(,hard,pending,train,0.0387,False,296,299,5,5,,
5eb7ee15-6577-43dc-9123-74eb90eff2b6,mined__github_py23_272180831a7cce89,mutation,dict_iterkeys_not_converted,mined:.assertEquals(,hard,pending,test,0.0055,False,640,641,13,13,,
fe9cb793-e4e3-4724-8f0a-63020d78a234,dict_iteritems_01,generic_mutation,generic_return_value_dropped,dict_iteritems,medium,pending,test,0.0541,False,114,108,5,5,,
3864d4af-d513-4b34-bfcd-602f1dbae02a,dict_iterkeys_01,generic_mutation,generic_return_value_dropped,dict_iterkeys,medium,pending,val,0.0492,False,93,90,5,5,,
aa3314f2-6c7d-4c3d-86b5-b559886e3293,except_as_01,generic_mutation,generic_return_value_dropped,except_as,medium,pending,train,0.0634,False,102,103,5,5,,
7bb745ef-8ffa-47c1-91c9-1112057842be,division_01,generic_mutation,generic_off_by_one,division_operator,medium,pending,train,0.0508,False,29,30,2,2,,
5dec26d6-d06f-45c9-92d4-cff1de343318,division_01,generic_mutation,generic_return_value_dropped,division_operator,medium,pending,train,0.1228,False,29,28,2,2,,
9d697711-2320-45c2-99b9-e508a08bab50,xrange_01,generic_mutation,generic_off_by_one,xrange_range,medium,pending,train,0.022,False,91,91,5,5,,
b9297a07-897e-4faf-ae22-f3bd26c53e45,xrange_01,generic_mutation,generic_return_value_dropped,xrange_range,medium,pending,train,0.0444,False,91,89,5,5,,
20805b40-b672-4f70-9da3-60fcf83d8466,unicode_str_01,generic_mutation,generic_return_value_dropped,unicode_str,medium,pending,test,0.2468,False,46,31,2,2,,
b0c28ae8-7d33-43b6-a70d-ff861e0395ff,map_list_01,generic_mutation,generic_off_by_one,map_returns_iterator,medium,pending,train,0.0488,False,79,85,3,3,,
8d1e39d2-6508-441a-adae-ac16aeedda38,map_list_01,generic_mutation,generic_return_value_dropped,map_returns_iterator,medium,pending,train,0.1069,False,79,80,3,3,,
019d4213-01d4-4835-bbb9-6e837009c4a9,has_key_01,generic_mutation,generic_return_value_dropped,dict_has_key,medium,pending,test,0.1905,False,47,37,2,2,,
e9c9943e-5da0-454e-ba62-024b8ef6b16f,next_method_01,generic_mutation,generic_return_value_dropped,iterator_next,medium,pending,train,0.0962,False,55,49,3,3,,
aab3315e-7cfe-46b4-a3c9-62ff802b4169,raise_syntax_01,generic_mutation,generic_return_value_dropped,raise_from,medium,pending,train,0.0726,False,88,91,4,4,,
48558a58-b13b-4fee-97e7-7807d7fc0352,raise_syntax_01,generic_mutation,generic_condition_negated,raise_from,medium,pending,train,0.0667,False,88,92,4,4,,
20205363-61d5-4ff2-8879-b99a4ed26e4c,sorted_cmp_01,generic_mutation,generic_return_value_dropped,sorted_cmp_to_key,medium,pending,test,0.5035,False,70,71,2,4,,
8c5e0eb9-8e47-47b3-9da9-ca8e942a7b98,basestring_01,generic_mutation,generic_return_value_dropped,basestring_str,medium,pending,train,0.3012,False,52,31,2,2,,
32023847-b7b2-4e1b-a957-6be8ad8aefb0,long_int_01,generic_mutation,generic_return_value_dropped,long_removed,medium,pending,train,0.1045,False,35,32,2,2,,
198b339f-1d41-4614-9c1f-cb40dada0644,urllib_import_01,generic_mutation,generic_return_value_dropped,stdlib_reorg_urllib,medium,pending,train,0.2903,False,70,54,4,4,,
6165a727-f7df-4743-b513-dda30b171b81,stringio_01,generic_mutation,generic_return_value_dropped,stdlib_reorg_stringio,medium,pending,train,0.1648,False,101,81,6,6,,
771c97fa-9b94-476a-8eb9-63efb3ca459d,dict_values_list_01,generic_mutation,generic_off_by_one,dict_values_view,medium,pending,train,0.0625,False,61,67,3,3,,
b6edc266-d0d8-4542-963b-f4c7b6d3e296,dict_values_list_01,generic_mutation,generic_return_value_dropped,dict_values_view,medium,pending,train,0.136,False,61,64,3,3,,
03041937-4514-435b-b50c-8fcdbfcc4a60,input_raw_input_01,generic_mutation,generic_return_value_dropped,raw_input_input,medium,pending,train,0.1,False,62,58,3,3,,
21b1bc26-cc50-40d5-94b6-b59c92ca2520,zip_list_01,generic_mutation,generic_return_value_dropped,zip_returns_iterator,medium,pending,val,0.1452,False,62,62,3,3,,
d229be25-86c1-4952-b08e-6d1e23294c1c,mined__github_py23_bddda6e80555ed31,generic_mutation,generic_return_value_dropped,mined:six.PY3,medium,pending,val,0.6441,False,327,72,8,3,,
8ec1dca2-7a98-431d-8e90-30555dd44138,mined__github_py23_551448e16a407582,generic_mutation,generic_return_value_dropped,mined:six.PY2,medium,pending,test,0.4416,False,762,334,21,12,,
1cc4173a-aafb-43df-abc5-423f571bb9b3,mined__github_py23_d4d05ae1b21ac988,generic_mutation,generic_comparison_flip,mined:six.PY3,medium,pending,train,0.2522,False,4530,3651,116,85,,
e43123bc-80e5-4d28-8d8e-98794c6943cd,mined__github_py23_d4d05ae1b21ac988,generic_mutation,generic_off_by_one,mined:six.PY3,medium,pending,train,0.2523,False,4530,3652,116,85,,
8ad16ac0-c34d-4d97-bd10-386b5e1f0a1c,mined__github_py23_d4d05ae1b21ac988,generic_mutation,generic_return_value_dropped,mined:six.PY3,medium,pending,train,0.3504,False,4530,3653,116,85,,
51c01a3c-14d4-4676-994c-0b467934c966,mined__github_py23_d4d05ae1b21ac988,generic_mutation,generic_condition_negated,mined:six.PY3,medium,pending,train,0.2538,False,4530,3655,116,85,,
ab862b91-e3e1-4dba-8766-035b67b5958a,mined__github_py23_c3428b16c724dd1c,generic_mutation,generic_comparison_flip,mined:six.PY2,medium,pending,train,0.5523,False,745,220,19,7,,
d963a2b1-00f7-48e4-8e01-5135788e9223,mined__github_py23_c3428b16c724dd1c,generic_mutation,generic_condition_negated,mined:six.PY2,medium,pending,train,0.5521,False,745,224,19,7,,
fa2957c4-beed-414a-a757-5fa22264b6b2,mined__github_py23_1452c0c2b3143cc4,generic_mutation,generic_comparison_flip,mined:six.PY3,medium,pending,val,0.2612,False,2976,2040,57,39,,
13ada878-83d7-4b72-8406-28ebbc0a90b6,mined__github_py23_1452c0c2b3143cc4,generic_mutation,generic_boolop_flip,mined:six.PY3,medium,pending,val,0.2617,False,2976,2038,57,39,,
a53a4b2f-7818-439e-a841-5f438f99d08b,mined__github_py23_1452c0c2b3143cc4,generic_mutation,generic_off_by_one,mined:six.PY3,medium,pending,val,0.2739,False,2976,2040,57,39,,
14889a70-ef42-46a5-b38c-62ddc318c538,mined__github_py23_1452c0c2b3143cc4,generic_mutation,generic_return_value_dropped,mined:six.PY3,medium,pending,val,0.2605,False,2976,2038,57,39,,
5acbcd0e-4035-45ec-b4f3-6740278c518b,mined__github_py23_1452c0c2b3143cc4,generic_mutation,generic_condition_negated,mined:six.PY3,medium,pending,val,0.2612,False,2976,2043,57,39,,
924c729b-5323-4aec-b8d0-098b5e1dae69,mined__github_py23_fea5b2c6db74a4d9,generic_mutation,generic_condition_negated,mined:six.PY3,medium,pending,train,0.2835,False,2211,1725,47,37,,
e78c3692-5be0-45d3-bd89-6974f533e519,mined__github_py23_81ef2a9482e67f5c,generic_mutation,generic_return_value_dropped,mined:six.PY3,medium,pending,train,0.4652,False,589,230,12,8,,
140af6f1-7bd0-4b0c-93a3-a119e7b9dc6e,mined__github_py23_b6a43db1280201af,generic_mutation,generic_return_value_dropped,mined:six.PY3,medium,pending,test,0.3689,False,385,233,9,8,,
f9ce6ed0-3bb3-45a3-a3ab-08f615e9fa65,mined__github_py23_ebe53a2f9254a655,generic_mutation,generic_off_by_one,mined:six.PY3,medium,pending,test,0.0893,False,375,319,9,8,,
12fdc852-4078-4559-96e2-08476beefcf4,mined__github_py23_381d8546b5877771,generic_mutation,generic_boolop_flip,mined:six.PY2,medium,pending,train,0.4848,False,1370,796,36,22,,
0425b097-0486-44d6-b572-24842a767c07,mined__github_py23_381d8546b5877771,generic_mutation,generic_return_value_dropped,mined:six.PY2,medium,pending,train,0.5396,False,1370,789,36,22,,
1b44334a-a478-4702-9986-3bd3968426f7,mined__github_py23_381d8546b5877771,generic_mutation,generic_condition_negated,mined:six.PY2,medium,pending,train,0.4864,False,1370,803,36,22,,
a0d8cc2a-d2a6-4537-afbb-cbb54d06a1f5,mined__github_py23_714742d93306762f,generic_mutation,generic_return_value_dropped,mined:six.PY2,medium,pending,train,0.2036,False,617,503,15,12,,
fbcf93d0-d9a9-4ade-a483-0ec24557a1b2,mined__github_py23_e2de11afe6fc6774,generic_mutation,generic_return_value_dropped,mined:six.PY2,medium,pending,test,0.1707,False,654,494,16,13,,
1b26c003-39d8-44e3-9521-851bc0c29e0c,mined__github_py23_e2de11afe6fc6774,generic_mutation,generic_condition_negated,mined:six.PY2,medium,pending,test,0.1641,False,654,504,16,13,,
a0203b2c-466e-4590-a107-346be49d2ed8,mined__github_py23_e14435df73685e85,generic_mutation,generic_comparison_flip,mined:six.PY2,medium,pending,val,0.3514,False,2404,1574,54,26,,
8d598061-b346-440f-92c7-aa7738f11978,mined__github_py23_e14435df73685e85,generic_mutation,generic_off_by_one,mined:six.PY2,medium,pending,val,0.3529,False,2404,1574,54,26,,
87922b85-45c6-4473-8974-54f30b249698,mined__github_py23_e14435df73685e85,generic_mutation,generic_condition_negated,mined:six.PY2,medium,pending,val,0.3526,False,2404,1578,54,26,,
3aa876c4-8267-4d22-9def-5ad13c4dd038,mined__github_py23_9649e292d93a9563,generic_mutation,generic_comparison_flip,mined:six.PY2,medium,pending,train,0.7899,False,1041,349,20,5,,
19d7bbe5-c390-4ae0-a38f-e7344322c5a0,mined__github_py23_9649e292d93a9563,generic_mutation,generic_condition_negated,mined:six.PY2,medium,pending,train,0.736,False,1041,353,20,5,,
708b6e38-1984-4086-9d00-b49b23f3c603,mined__github_py23_b806ddecbfed5cc5,generic_mutation,generic_return_value_dropped,mined:six.PY2,medium,pending,test,0.3563,False,1923,1274,41,26,,
8d2b4c5b-d4fa-4686-9118-12270f089165,mined__github_py23_b806ddecbfed5cc5,generic_mutation,generic_condition_negated,mined:six.PY2,medium,pending,test,0.3575,False,1923,1280,41,26,,
97bfd853-c469-4916-87f8-6cb2b6ece6cd,mined__github_py23_fa5d4b926242ef70,generic_mutation,generic_return_value_dropped,mined:six.PY2,medium,pending,train,0.7313,False,637,100,9,3,,
ee40b9d5-8624-40ae-9dd4-a6bae10037fc,mined__github_py23_6e2afd95e8e25159,generic_mutation,generic_comparison_flip,mined:six.PY3,medium,pending,val,0.205,False,193,129,6,2,,
4c83e0df-a0d1-4cf9-8757-effb9861b7a3,mined__github_py23_6e2afd95e8e25159,generic_mutation,generic_boolop_flip,mined:six.PY3,medium,pending,val,0.215,False,193,128,6,2,,
088d9792-25d9-4372-83fe-f27f1a454a5f,mined__github_py23_6e2afd95e8e25159,generic_mutation,generic_off_by_one,mined:six.PY3,medium,pending,val,0.205,False,193,129,6,2,,
daa03c86-8961-4459-b2f0-c7bd804a1db9,mined__github_py23_6e2afd95e8e25159,generic_mutation,generic_return_value_dropped,mined:six.PY3,medium,pending,val,0.6116,False,193,49,6,2,,
09d7b287-a4ff-4772-9b24-1ad22fccceb7,mined__github_py23_4021af02a4950c5a,generic_mutation,generic_comparison_flip,mined:six.PY3,medium,pending,train,0.2672,False,1684,1250,39,30,,
dee79b67-bc88-420b-831c-2a5852ab85ff,mined__github_py23_4021af02a4950c5a,generic_mutation,generic_boolop_flip,mined:six.PY3,medium,pending,train,0.2588,False,1684,1249,39,30,,
15e62dcb-d329-4f7c-8f2d-a4cd8a1bb9a7,mined__github_py23_4021af02a4950c5a,generic_mutation,generic_off_by_one,mined:six.PY3,medium,pending,train,0.2665,False,1684,1250,39,30,,
67ab813f-78c7-4c70-82db-ce697d1efa5f,mined__github_py23_4021af02a4950c5a,generic_mutation,generic_return_value_dropped,mined:six.PY3,medium,pending,train,0.2858,False,1684,1189,39,30,,
81101172-f836-4aa2-9455-f364fecc0411,mined__github_py23_4021af02a4950c5a,generic_mutation,generic_condition_negated,mined:six.PY3,medium,pending,train,0.26,False,1684,1254,39,30,,
ce29e965-b0cb-4670-9e73-f104772823cf,mined__github_py23_349ec75f114f9b21,generic_mutation,generic_return_value_dropped,mined:six.PY2,medium,pending,test,0.7509,False,229,36,6,2,,
ff2e7691-2b52-4753-8c07-d5434c82d776,mined__github_py23_b72c696ade80b9e3,generic_mutation,generic_return_value_dropped,mined:six.PY2,medium,pending,train,0.7471,False,225,36,6,2,,
b56f3f20-0c30-400c-831e-8e7a746f3ad8,mined__github_py23_a1e792ae92ea810b,generic_mutation,generic_return_value_dropped,mined:six.PY2,medium,pending,test,0.7023,False,181,34,4,2,,
2e2d9385-8677-4973-993d-6d3de04a5bf8,mined__github_py23_7d1422f0fb598877,generic_mutation,generic_boolop_flip,mined:six.PY3,medium,pending,train,0.2411,False,1035,649,27,13,,
fba948e1-08e5-417d-8156-1dd09d65f660,mined__github_py23_7d1422f0fb598877,generic_mutation,generic_return_value_dropped,mined:six.PY3,medium,pending,train,0.2344,False,1035,650,27,13,,
5442e3bc-7ba6-4ff7-8b92-11f556c2578c,mined__github_py23_7d1422f0fb598877,generic_mutation,generic_condition_negated,mined:six.PY3,medium,pending,train,0.2341,False,1035,652,27,13,,
50ce5617-68ab-41bd-b4ea-eba2b401dee7,mined__github_py23_2c1cee2a171d0094,generic_mutation,generic_boolop_flip,mined:six.PY3,medium,pending,val,0.3621,False,1092,739,22,18,,
71bfb9b1-a529-4358-a19b-7b2b49c7e67e,mined__github_py23_2c1cee2a171d0094,generic_mutation,generic_return_value_dropped,mined:six.PY3,medium,pending,val,0.4958,False,1092,693,22,18,,
704d7742-f549-4f12-a68d-581d2d675d23,mined__github_py23_2c1cee2a171d0094,generic_mutation,generic_condition_negated,mined:six.PY3,medium,pending,val,0.3645,False,1092,746,22,18,,
cbf6649e-6328-4b93-b620-b7ee391f4d47,mined__github_py23_7ecaab3a53cd0c27,generic_mutation,generic_comparison_flip,mined:six.PY3,medium,pending,train,0.0793,False,2709,2363,69,58,,
adb263d3-a8c3-4916-9c1a-a4dbb7847e0c,mined__github_py23_7ecaab3a53cd0c27,generic_mutation,generic_boolop_flip,mined:six.PY3,medium,pending,train,0.0897,False,2709,2362,69,58,,
4ad2d21d-543d-4806-b003-1ff5030e483c,mined__github_py23_7ecaab3a53cd0c27,generic_mutation,generic_condition_negated,mined:six.PY3,medium,pending,train,0.0804,False,2709,2367,69,58,,
707d6f59-34eb-4b98-b4ed-d1d928995314,mined__github_py23_a7028b7606e9a577,generic_mutation,generic_boolop_flip,mined:six.PY2,medium,pending,train,0.7434,False,645,446,19,14,,
bfb65e86-a188-47fe-b822-ffb385e616ee,mined__github_py23_a7028b7606e9a577,generic_mutation,generic_off_by_one,mined:six.PY2,medium,pending,train,0.7431,False,645,445,19,14,,
2307bfcc-503b-4d17-9810-3cc63897ab87,mined__github_py23_a7028b7606e9a577,generic_mutation,generic_return_value_dropped,mined:six.PY2,medium,pending,train,0.7417,False,645,439,19,14,,
bf6aca7c-9cfd-49f2-b691-d89e493a0325,mined__github_py23_a7028b7606e9a577,generic_mutation,generic_condition_negated,mined:six.PY2,medium,pending,train,0.7441,False,645,449,19,14,,
e33f9070-29bf-4409-a50c-464ddb34a6a2,mined__github_py23_12d484075c40e123,generic_mutation,generic_comparison_flip,mined:six.PY3,medium,pending,train,0.1168,False,1293,1028,33,28,,
ca6d28e3-4cbb-42ab-a2b2-311b20efa7e6,mined__github_py23_12d484075c40e123,generic_mutation,generic_boolop_flip,mined:six.PY3,medium,pending,train,0.1797,False,1293,1028,33,28,,
b4cd5cfb-c267-4207-87c1-8084f13a9575,mined__github_py23_12d484075c40e123,generic_mutation,generic_off_by_one,mined:six.PY3,medium,pending,train,0.1163,False,1293,1029,33,28,,
3e3dd73a-f37b-447c-820e-ab5d5a8533af,mined__github_py23_12d484075c40e123,generic_mutation,generic_return_value_dropped,mined:six.PY3,medium,pending,train,0.121,False,1293,1021,33,28,,
a0e5fbc4-1537-4a38-9bf7-4d227b2e301f,mined__github_py23_12d484075c40e123,generic_mutation,generic_condition_negated,mined:six.PY3,medium,pending,train,0.1169,False,1293,1033,33,28,,
446d43a1-3ef2-45e3-bcf6-a9597adadefe,mined__github_py23_225283c2d986aeb0,generic_mutation,generic_boolop_flip,mined:six.PY3,medium,pending,test,0.5208,False,1399,713,30,15,,
98f5acb7-1b47-4ab4-8ae1-1fc847f4ead0,mined__github_py23_225283c2d986aeb0,generic_mutation,generic_condition_negated,mined:six.PY3,medium,pending,test,0.5215,False,1399,716,30,15,,
f2b8cbba-9760-4741-99bb-c03df2f7962a,mined__github_py23_dcc036a716667c56,generic_mutation,generic_boolop_flip,mined:six.PY3,medium,pending,val,0.3689,False,1655,1029,35,23,,
d62889c6-8c2e-4c2a-940c-5aba8448a6cf,mined__github_py23_dcc036a716667c56,generic_mutation,generic_return_value_dropped,mined:six.PY3,medium,pending,val,0.3669,False,1655,1027,35,23,,
f964e3f9-24c8-4831-a2f8-bc19b2c43714,mined__github_py23_dcc036a716667c56,generic_mutation,generic_condition_negated,mined:six.PY3,medium,pending,val,0.3681,False,1655,1032,35,23,,
99589463-8e62-4ed2-8ce8-e5d27410962f,mined__github_py23_06f8c3a348dab8c6,generic_mutation,generic_off_by_one,mined:six.PY3,medium,pending,train,0.4804,False,486,203,10,6,,
bf7259e4-a0b6-47d4-92fe-9fb8f14194f6,mined__github_py23_06f8c3a348dab8c6,generic_mutation,generic_return_value_dropped,mined:six.PY3,medium,pending,train,0.4657,False,486,184,10,6,,
1269ccbf-faef-41ce-a7e0-0090222517e9,mined__github_py23_06f8c3a348dab8c6,generic_mutation,generic_condition_negated,mined:six.PY3,medium,pending,train,0.4863,False,486,207,10,6,,
a975b7d9-ee4b-4f0b-a69d-b128326d060a,mined__github_py23_4820937316ce1966,generic_mutation,generic_off_by_one,mined:six.PY3,medium,pending,train,0.2472,False,1178,756,27,12,,
32b8d395-da1a-424b-94da-ac29fbb260e9,mined__github_py23_4820937316ce1966,generic_mutation,generic_return_value_dropped,mined:six.PY3,medium,pending,train,0.266,False,1178,743,27,12,,
fe0c10cc-1327-4694-8868-1b4dbf420917,mined__github_py23_4820937316ce1966,generic_mutation,generic_condition_negated,mined:six.PY3,medium,pending,train,0.2477,False,1178,760,27,12,,
bf1935e5-dbc8-45e4-a418-c0acf8ae60cd,mined__github_py23_e21772c455cae9e9,generic_mutation,generic_boolop_flip,mined:six.PY2,medium,pending,train,0.3395,False,422,226,6,3,,
aecdaa1f-8ef5-4cfe-860a-d929a4df7e40,mined__github_py23_e21772c455cae9e9,generic_mutation,generic_off_by_one,mined:six.PY2,medium,pending,train,0.3313,False,422,227,6,3,,
e2df2f1b-3658-41f1-8862-ce637e13dab8,mined__github_py23_e21772c455cae9e9,generic_mutation,generic_condition_negated,mined:six.PY2,medium,pending,train,0.3374,False,422,233,6,3,,
5d53da92-b6e8-4543-81bf-8007bf4e09c4,mined__github_py23_140f724cfe638c1c,generic_mutation,generic_return_value_dropped,mined:six.PY3,medium,pending,val,0.3608,False,63,34,2,2,,
09abfb6b-b516-424b-a12c-ef3fd6622929,mined__github_py23_a9431c752f84d305,generic_mutation,generic_return_value_dropped,mined:six.PY3,medium,pending,train,0.3515,False,748,387,17,11,,
e22cbf07-328d-4e06-a2b6-9132fe39d85a,mined__github_py23_a9431c752f84d305,generic_mutation,generic_condition_negated,mined:six.PY3,medium,pending,train,0.2773,False,748,442,17,11,,
2dff7529-fa53-437f-91c0-585400559def,mined__github_py23_e0479973c5d4259b,generic_mutation,generic_return_value_dropped,mined:six.PY2,medium,pending,train,0.3923,False,178,82,7,5,,
c3df04c6-22c3-44d5-a0c7-3fe58c1ce934,mined__github_py23_caed54f34bae6d0f,generic_mutation,generic_return_value_dropped,mined:six.PY2,medium,pending,train,0.2541,False,229,141,8,6,,
5e1c65cd-fc75-4da8-bd2d-12cd567c88b1,mined__github_py23_78c3141b831cd1ba,generic_mutation,generic_return_value_dropped,mined:six.PY3,medium,pending,val,0.2505,False,335,220,10,7,,
5765053d-2234-4c31-9ded-d3d989f2e213,mined__github_py23_102af4ba8c2b4cb4,generic_mutation,generic_boolop_flip,mined:six.PY3,medium,pending,train,0.4306,False,1712,919,40,25,,
9d1087d6-6322-4f6b-9b81-e3ce5221764b,mined__github_py23_102af4ba8c2b4cb4,generic_mutation,generic_return_value_dropped,mined:six.PY3,medium,pending,train,0.43,False,1712,923,40,25,,
8c327928-8a66-4985-aa7d-ef73ce2a6a43,mined__github_py23_102af4ba8c2b4cb4,generic_mutation,generic_condition_negated,mined:six.PY3,medium,pending,train,0.4294,False,1712,924,40,25,,
c07a183e-7f7a-476c-a1e0-c64bceec549a,mined__github_py23_491e779b295a237d,generic_mutation,generic_comparison_flip,mined:six.PY3,medium,pending,train,0.1642,False,1419,1060,35,27,,
01359c49-39e4-4885-a1f3-13eb185281af,mined__github_py23_491e779b295a237d,generic_mutation,generic_boolop_flip,mined:six.PY3,medium,pending,train,0.1655,False,1419,1059,35,27,,
73d114f7-9afa-4b19-814a-e478434006ca,mined__github_py23_491e779b295a237d,generic_mutation,generic_return_value_dropped,mined:six.PY3,medium,pending,train,0.2424,False,1419,1023,35,27,,
6ea444d5-efb6-4908-b15f-277b68dfcb30,mined__github_py23_491e779b295a237d,generic_mutation,generic_condition_negated,mined:six.PY3,medium,pending,train,0.1663,False,1419,1064,35,27,,
73b4054f-3ffc-4a79-84ce-2311083364a8,mined__github_py23_bcb107de72eb55f6,generic_mutation,generic_return_value_dropped,mined:six.PY3,medium,pending,test,0.0443,False,536,502,15,15,,
4c72fbca-1671-4139-be24-8aa3490373b0,mined__github_py23_bcb107de72eb55f6,generic_mutation,generic_condition_negated,mined:six.PY3,medium,pending,test,0.0413,False,536,505,15,15,,
b793b215-b7ff-4113-bcfe-e1fbd619c953,mined__github_py23_f2dcd767f9d15aee,generic_mutation,generic_off_by_one,mined:six.PY2,medium,pending,train,0.3579,False,1086,627,21,14,,
ab4bf8e0-ee32-4435-b895-8a79c225a45f,mined__github_py23_f2dcd767f9d15aee,generic_mutation,generic_return_value_dropped,mined:six.PY2,medium,pending,train,0.3643,False,1086,613,21,14,,
a439058b-74a1-47f7-8dc6-6ab1549cb9b6,mined__github_py23_f2dcd767f9d15aee,generic_mutation,generic_condition_negated,mined:six.PY2,medium,pending,train,0.3582,False,1086,631,21,14,,
60298e5e-1fd1-4e9c-ab66-cdabdc4a0dc6,mined__github_py23_911c259f7108f81f,generic_mutation,generic_off_by_one,mined:six.PY2,medium,pending,train,0.5035,False,617,374,14,10,,
5636bef8-39f0-42ac-a6fa-ffd7b4a277bc,mined__github_py23_911c259f7108f81f,generic_mutation,generic_return_value_dropped,mined:six.PY2,medium,pending,train,0.4047,False,617,364,14,10,,
9a18573e-6c07-47e3-a6f7-76f3eced7bf2,mined__github_py23_911c259f7108f81f,generic_mutation,generic_condition_negated,mined:six.PY2,medium,pending,train,0.4131,False,617,378,14,10,,
54f271d8-6101-479b-882a-daad3af7e032,mined__github_py23_6eb95ade91e748a7,generic_mutation,generic_return_value_dropped,"mined:six.PY2,unicode(",medium,pending,train,0.5643,False,1172,623,29,13,,
64d9060b-8811-46b8-97db-7234bf7e6d67,mined__github_py23_6eb95ade91e748a7,generic_mutation,generic_condition_negated,"mined:six.PY2,unicode(",medium,pending,train,0.5678,False,1172,628,29,13,,
bc040338-00e1-45eb-aac1-2aa7bccc2cd6,mined__github_py23_dd3e3c84d54bf00e,generic_mutation,generic_comparison_flip,"mined:long(,six.PY2",medium,pending,train,0.6688,False,681,237,16,8,,
d727844d-1f31-445c-815f-303083df117d,mined__github_py23_dd3e3c84d54bf00e,generic_mutation,generic_off_by_one,"mined:long(,six.PY2",medium,pending,train,0.6685,False,681,236,16,8,,
95d2fd84-9214-42a8-b8f9-f62a623f1535,mined__github_py23_dd3e3c84d54bf00e,generic_mutation,generic_return_value_dropped,"mined:long(,six.PY2",medium,pending,train,0.6575,False,681,230,16,8,,
84a31c57-9243-403d-9929-a898ef1b1687,mined__github_py23_dd3e3c84d54bf00e,generic_mutation,generic_condition_negated,"mined:long(,six.PY2",medium,pending,train,0.6699,False,681,240,16,8,,
a6807a20-17ac-4cfc-bfe6-bee2970d9ef1,mined__github_py23_9b4833cf0e920e2c,generic_mutation,generic_comparison_flip,mined:six.PY2,medium,pending,train,0.3503,False,586,359,19,14,,
1d6c484d-0f43-4e2b-8cdf-29fe3918498b,mined__github_py23_9b4833cf0e920e2c,generic_mutation,generic_off_by_one,mined:six.PY2,medium,pending,train,0.5259,False,586,359,19,14,,
c75972a6-ac88-475e-85ec-f9b7a7cbd8c2,mined__github_py23_9b4833cf0e920e2c,generic_mutation,generic_return_value_dropped,mined:six.PY2,medium,pending,train,0.4392,False,586,352,19,14,,
69c8a4c4-c577-46f9-ba0b-00323246f0af,mined__github_py23_9b4833cf0e920e2c,generic_mutation,generic_condition_negated,mined:six.PY2,medium,pending,train,0.2455,False,586,363,19,14,,
fc0c19a9-df92-40fb-ab63-639eb1ffdb71,mined__github_py23_244953afef81edd2,generic_mutation,generic_boolop_flip,mined:six.PY2,medium,pending,train,0.1939,False,1278,903,33,20,,
64a726ad-7c21-449b-828b-73349554cb51,mined__github_py23_244953afef81edd2,generic_mutation,generic_off_by_one,mined:six.PY2,medium,pending,train,0.1925,False,1278,904,33,20,,
d663009b-ba77-4aaa-b350-adba7d4bb868,mined__github_py23_244953afef81edd2,generic_mutation,generic_return_value_dropped,mined:six.PY2,medium,pending,train,0.2667,False,1278,762,33,20,,
9a46a065-1270-4f4a-acac-d4e190fe14e1,mined__github_py23_244953afef81edd2,generic_mutation,generic_condition_negated,mined:six.PY2,medium,pending,train,0.193,False,1278,908,33,20,,
c0dbc767-ac15-4ade-ae12-b4dd981c1a2f,mined__github_py23_c2064f79b90e9ca6,generic_mutation,generic_comparison_flip,mined:six.PY3,medium,pending,train,0.0893,False,2182,1874,55,46,,
e7bff51e-93f9-4398-a77e-8a227515bc2c,mined__github_py23_c2064f79b90e9ca6,generic_mutation,generic_boolop_flip,mined:six.PY3,medium,pending,train,0.0897,False,2182,1874,55,46,,
8db1055c-306d-4625-b0f2-824ad81aa2fd,mined__github_py23_c2064f79b90e9ca6,generic_mutation,generic_off_by_one,mined:six.PY3,medium,pending,train,0.089,False,2182,1873,55,46,,
cf0b8872-5801-423e-ab00-247ebefb4628,mined__github_py23_c2064f79b90e9ca6,generic_mutation,generic_return_value_dropped,mined:six.PY3,medium,pending,train,0.0892,False,2182,1876,55,46,,
2bc7c11a-7cce-4b5b-b323-4f78490b188e,mined__github_py23_c2064f79b90e9ca6,generic_mutation,generic_condition_negated,mined:six.PY3,medium,pending,train,0.0894,False,2182,1877,55,46,,
86fd84d6-1e92-4a9f-b880-c13e67226c4e,mined__github_py23_d5faa4b7a392ad17,generic_mutation,generic_comparison_flip,"mined:inspect.getargspec(,six.PY2",medium,pending,train,0.1525,False,783,640,24,9,,
1bcdbc99-9424-4061-8763-2a198922c0a1,mined__github_py23_d5faa4b7a392ad17,generic_mutation,generic_boolop_flip,"mined:inspect.getargspec(,six.PY2",medium,pending,train,0.1392,False,783,639,24,9,,
7eb47561-b3a7-4293-b876-1b0ad2095dee,mined__github_py23_d5faa4b7a392ad17,generic_mutation,generic_off_by_one,"mined:inspect.getargspec(,six.PY2",medium,pending,train,0.1376,False,783,641,24,9,,
692109f4-0d53-4ed9-af73-10b4c7018607,mined__github_py23_d5faa4b7a392ad17,generic_mutation,generic_return_value_dropped,"mined:inspect.getargspec(,six.PY2",medium,pending,train,0.1613,False,783,612,24,9,,
4b402aa9-a62c-4b28-82d8-b5c5afe22819,mined__github_py23_72cb472888f5e754,generic_mutation,generic_comparison_flip,"mined:inspect.getargspec(,six.PY2",medium,pending,test,0.2676,False,314,183,10,3,,
55ff4e09-afb6-4926-b494-3076c8041d73,mined__github_py23_72cb472888f5e754,generic_mutation,generic_return_value_dropped,"mined:inspect.getargspec(,six.PY2",medium,pending,test,0.6289,False,314,74,10,3,,
d252ac24-50d7-493f-bfd6-bf91634536c8,mined__github_py23_6a40a8596538dad6,generic_mutation,generic_comparison_flip,"mined:inspect.getargspec(,six.PY2",medium,pending,train,0.3463,False,1517,750,36,21,,
1673b7a3-1400-4a4d-bbb7-37c360e675b0,mined__github_py23_6a40a8596538dad6,generic_mutation,generic_return_value_dropped,"mined:inspect.getargspec(,six.PY2",medium,pending,train,0.3419,False,1517,750,36,21,,
e0183234-4e16-44f9-b2d5-21a4e5a56ee9,mined__github_py23_6a40a8596538dad6,generic_mutation,generic_condition_negated,"mined:inspect.getargspec(,six.PY2",medium,pending,train,0.3395,False,1517,754,36,21,,
718cb6fb-4e5b-4578-ab7a-80444d81c4b4,mined__github_py23_eaa65bd15dcfd57c,generic_mutation,generic_comparison_flip,"mined:inspect.getargspec(,six.PY2",medium,pending,val,0.6954,False,704,130,19,2,,
74b0222c-2b7b-49f0-96e6-64c902cdbe7b,mined__github_py23_eaa65bd15dcfd57c,generic_mutation,generic_return_value_dropped,"mined:inspect.getargspec(,six.PY2",medium,pending,val,0.8773,False,704,46,19,2,,
75667940-e7fc-43b0-84aa-9ab80d15e797,mined__github_py23_f1568ad4811c39a1,generic_mutation,generic_comparison_flip,"mined:inspect.getargspec(,six.PY2",medium,pending,train,0.1866,False,314,222,11,5,,
095c86ee-7800-40cd-9a80-1142132c0c4e,mined__github_py23_f1568ad4811c39a1,generic_mutation,generic_return_value_dropped,"mined:inspect.getargspec(,six.PY2",medium,pending,train,0.3987,False,314,135,11,5,,
38c7e6d6-ce94-47a1-ab0e-789b4970abed,mined__github_py23_cafd1aff72a05708,generic_mutation,generic_comparison_flip,"mined:inspect.getargspec(,six.PY2",medium,pending,val,0.178,False,224,158,6,3,,
4f51cab0-108b-481c-9553-f61f47898f69,mined__github_py23_cafd1aff72a05708,generic_mutation,generic_off_by_one,"mined:inspect.getargspec(,six.PY2",medium,pending,val,0.178,False,224,158,6,3,,
3b391f82-cc64-40f5-998c-019d582840af,mined__github_py23_cafd1aff72a05708,generic_mutation,generic_return_value_dropped,"mined:inspect.getargspec(,six.PY2",medium,pending,val,0.2204,False,224,148,6,3,,
3d447ba8-b566-4d16-bfdd-581f8ee45f57,mined__github_py23_7dab87f389a1d176,generic_mutation,generic_return_value_dropped,"mined:inspect.getargspec(,six.PY3",medium,pending,train,0.6054,False,233,61,6,2,,
ef607919-9ee3-442b-9c34-f76883430da2,mined__github_py23_7c3965bc7d195c23,generic_mutation,generic_boolop_flip,mined:six.PY2,medium,pending,train,0.5291,False,2863,1817,66,34,,
bf04ebab-c490-498b-a9e1-e5687ae3e84c,mined__github_py23_7c3965bc7d195c23,generic_mutation,generic_off_by_one,mined:six.PY2,medium,pending,train,0.5287,False,2863,1818,66,34,,
1c8bc9d4-1a76-4f01-a3e4-8f42e84dfc70,mined__github_py23_7c3965bc7d195c23,generic_mutation,generic_return_value_dropped,mined:six.PY2,medium,pending,train,0.5271,False,2863,1802,66,34,,
0a04833b-f62c-4a30-a333-f00b10c7546d,mined__github_py23_7c3965bc7d195c23,generic_mutation,generic_condition_negated,mined:six.PY2,medium,pending,train,0.53,False,2863,1822,66,34,,
d653647b-c517-44de-8509-4a5fac452044,mined__github_py23_2c5486ee4035d5d2,generic_mutation,generic_off_by_one,mined:six.PY3,medium,pending,val,0.0641,False,330,294,7,7,,
730d09e3-d1de-41b0-b7de-e1d52c0137d7,mined__github_py23_97f7a8d50788491a,generic_mutation,generic_comparison_flip,mined:six.PY3,medium,pending,train,0.0317,False,511,499,10,10,,
58283632-8193-4b2d-aeb2-5f8c14c3a9ff,mined__github_py23_97f7a8d50788491a,generic_mutation,generic_return_value_dropped,mined:six.PY3,medium,pending,train,0.0842,False,511,439,10,10,,
15aa22e1-7adc-462f-b4c5-3bc2450a0c74,mined__github_py23_01238bf196ee31bf,generic_mutation,generic_return_value_dropped,mined:six.PY2,medium,pending,train,0.154,False,1586,1225,40,38,,
4dc40307-0e49-4056-a8f3-3181ca3e6544,mined__github_py23_01238bf196ee31bf,generic_mutation,generic_condition_negated,mined:six.PY2,medium,pending,train,0.1254,False,1586,1245,40,38,,
258653b8-2970-4a57-ad4c-2ef11a97681b,mined__github_py23_287a1b27c93102e6,generic_mutation,generic_off_by_one,mined:six.PY3,medium,pending,train,0.2125,False,727,581,15,11,,
38766781-3e49-46e9-baff-c81f589815bc,mined__github_py23_c4cf949c86d2080d,generic_mutation,generic_off_by_one,mined:six.PY2,medium,pending,test,0.1505,False,468,356,11,10,,
86a536b7-8acc-4d87-a80e-20e4faeb9f52,mined__github_py23_5a30715aa19ba319,generic_mutation,generic_comparison_flip,mined:six.PY2,medium,pending,train,0.6189,False,1120,549,18,9,,
eafe68a1-9621-4266-972e-deccffdff81e,mined__github_py23_5a30715aa19ba319,generic_mutation,generic_off_by_one,mined:six.PY2,medium,pending,train,0.6187,False,1120,548,18,9,,
02511582-fdc9-4729-8792-f5608bc5d2c4,mined__github_py23_5a30715aa19ba319,generic_mutation,generic_condition_negated,mined:six.PY2,medium,pending,train,0.6196,False,1120,552,18,9,,
3c40c72b-3d2a-4abb-a3a4-2ee2f4be16d1,mined__github_py23_0cbc207f60aec73b,generic_mutation,generic_off_by_one,mined:long(,medium,pending,train,0.3686,False,557,387,16,9,,
d4e0bc2f-9b5a-4ad6-9c78-a0412c242abf,mined__github_py23_ade176617474341f,generic_mutation,generic_off_by_one,mined:six.PY3,medium,pending,test,0.4618,False,1733,1225,42,14,,
ca3f0aa2-dc49-45ae-835f-1db1b03993c8,mined__github_py23_2a773c9972ca5627,generic_mutation,generic_off_by_one,mined:six.PY3,medium,pending,train,0.1959,False,933,644,29,12,,
8580aad4-359c-415a-8c89-b7b4d03be4e9,mined__github_py23_ff2b808efa551f4b,generic_mutation,generic_off_by_one,mined:six.PY3,medium,pending,train,0.5066,False,1907,1036,35,20,,
27999951-6991-4382-b2f9-21003a7746e2,mined__github_py23_fe2cd02a3b6544a8,generic_mutation,generic_off_by_one,mined:unknown,medium,pending,train,0.0756,False,374,340,7,7,,
289c7ac4-a498-4592-8012-a12f416cbafb,mined__github_py23_a27504262e5799fc,generic_mutation,generic_return_value_dropped,mined:six.PY3,medium,pending,train,0.3744,False,998,546,19,10,,
b608cfe8-b8ef-4e43-8b22-1652508c2a4f,mined__github_py23_d593795caf48ad7a,generic_mutation,generic_return_value_dropped,mined:six.PY2,medium,pending,train,0.4118,False,248,109,6,6,,
66fb3005-d3d3-4690-843f-26e26b646a03,mined__github_py23_7282e632f57d8b63,generic_mutation,generic_off_by_one,mined:six.PY3,medium,pending,train,0.2441,False,315,193,7,6,,
c36e1ba5-2ca6-45cb-b256-51e1fc4c3fba,mined__github_py23_b8e2265d53ef2eb9,generic_mutation,generic_off_by_one,mined:six.PY3,medium,pending,train,0.1877,False,473,337,11,6,,
9c3236ea-f572-4a75-b87e-4c005be86640,mined__github_py23_10e9037b1ce4aee5,generic_mutation,generic_off_by_one,mined:six.PY2,medium,pending,train,0.3884,False,695,515,19,12,,
b6081eac-1dad-4277-b738-2ec8b934dd98,mined__github_py23_10e9037b1ce4aee5,generic_mutation,generic_return_value_dropped,mined:six.PY2,medium,pending,train,0.3997,False,695,501,19,12,,
228b652d-faee-4e42-95d6-5e2e1162cac3,mined__github_py23_c09bf49784ce49bf,generic_mutation,generic_off_by_one,mined:six.PY2,medium,pending,train,0.2307,False,2343,1679,44,22,,
45750601-fe15-4c98-bcb8-08b99a91fea0,mined__github_py23_c09bf49784ce49bf,generic_mutation,generic_condition_negated,mined:six.PY2,medium,pending,train,0.2151,False,2343,1683,44,22,,
4afca795-ebc5-4aac-8cdb-cf8cb91c27e2,mined__github_py23_0dc44ec435d7d917,generic_mutation,generic_return_value_dropped,"mined:six.PY3,unicode(",medium,pending,train,0.6556,False,573,298,15,12,,
0c34d679-984c-46b4-8be0-2b70a2805adf,mined__github_py23_99485696ad94d4b4,generic_mutation,generic_off_by_one,mined:six.PY3,medium,pending,train,0.5798,False,938,428,27,18,,
1d6fb324-f1ce-439c-a144-def3eeddfde6,mined__github_py23_99485696ad94d4b4,generic_mutation,generic_return_value_dropped,mined:six.PY3,medium,pending,train,0.6456,False,938,422,27,18,,
055fd4c0-e3f8-4078-8ef6-3d5b173cd5e8,mined__github_py23_372594aea326384b,generic_mutation,generic_return_value_dropped,mined:six.PY3,medium,pending,train,0.5903,False,703,405,19,12,,
c2e65d78-7776-4be7-83cc-ec22d9b78c77,mined__github_py23_9c09139f1fd4cca9,generic_mutation,generic_return_value_dropped,mined:six.PY2,medium,pending,train,0.6223,False,521,321,14,11,,
c8d7f83c-9991-4cf2-a8ca-7063aaec8ac9,mined__github_py23_220f0ba07a258afb,generic_mutation,generic_return_value_dropped,mined:six.PY2,medium,pending,train,0.8344,False,1149,409,32,17,,
b9f30947-40b8-44fb-bdf3-c711e6d7de88,mined__github_py23_086eb07e6da34e7d,generic_mutation,generic_off_by_one,mined:six.PY2,medium,pending,val,0.7968,False,1123,737,28,17,,
6913afd1-ebdc-4ecb-83ad-1e0e3ef9c6a4,mined__github_py23_47d71129dbec881a,generic_mutation,generic_off_by_one,mined:six.PY2,medium,pending,test,0.5329,False,625,240,19,7,,
cdb88d44-b155-4982-8461-ce21dcdd9618,mined__github_py23_f00c1f518be02cda,generic_mutation,generic_comparison_flip,mined:six.PY3,medium,pending,train,0.3615,False,990,551,17,10,,
f17f179e-5b18-434d-9fea-f0df9e4ab3ac,mined__github_py23_f00c1f518be02cda,generic_mutation,generic_off_by_one,mined:six.PY3,medium,pending,train,0.3472,False,990,551,17,10,,
7dfe700c-67d6-47bc-957a-7bb470272f8c,mined__github_py23_f00c1f518be02cda,generic_mutation,generic_condition_negated,mined:six.PY3,medium,pending,train,0.3476,False,990,555,17,10,,
80e7d279-0c94-42af-b9f8-25442231a49b,mined__github_py23_1d83d807e7df383b,generic_mutation,generic_condition_negated,mined:.iteritems(,medium,pending,train,0.5548,False,332,297,9,9,,
191439f5-d433-4eba-9400-d01e31916769,mined__github_py23_461f5ee536ce06bb,generic_mutation,generic_condition_negated,mined:.iteritems(,medium,pending,val,0.1363,False,344,309,9,9,,
a3dea3ac-95bb-4c47-a4d0-4485afdea991,mined__github_py23_1065b07697a7d39a,generic_mutation,generic_comparison_flip,mined:inspect.getargspec(,medium,pending,train,0.0275,False,953,935,25,24,,
8fe35248-0cea-4280-944a-dc30af8e014f,mined__github_py23_1065b07697a7d39a,generic_mutation,generic_boolop_flip,mined:inspect.getargspec(,medium,pending,train,0.0291,False,953,934,25,24,,
151b8217-72d0-463a-8cdd-5f1750dbd7cd,mined__github_py23_1065b07697a7d39a,generic_mutation,generic_off_by_one,mined:inspect.getargspec(,medium,pending,train,0.0508,False,953,935,25,24,,
4891644b-3d99-4f28-990a-842636a8e43f,mined__github_py23_1065b07697a7d39a,generic_mutation,generic_return_value_dropped,mined:inspect.getargspec(,medium,pending,train,0.0859,False,953,839,25,24,,
138762f9-d458-41a8-8817-9c767148aa7a,mined__github_py23_1065b07697a7d39a,generic_mutation,generic_condition_negated,mined:inspect.getargspec(,medium,pending,train,0.0285,False,953,939,25,24,,
bcdbae01-e53a-4b0d-879e-e5ad65c710da,mined__github_py23_815a650b3150c1c7,generic_mutation,generic_boolop_flip,mined:inspect.getargspec(,medium,pending,train,0.0739,False,963,959,35,32,,
f041f6ec-98b1-4c92-ac59-482966117465,mined__github_py23_815a650b3150c1c7,generic_mutation,generic_return_value_dropped,mined:inspect.getargspec(,medium,pending,train,0.0455,False,963,948,35,32,,
f3b0738c-625d-4c64-ab27-efbd7cc8a329,mined__github_py23_815a650b3150c1c7,generic_mutation,generic_condition_negated,mined:inspect.getargspec(,medium,pending,train,0.0483,False,963,964,35,32,,
4fd2dabb-964f-498c-8ccf-3e245c2e8ea0,mined__github_py23_41c38604297cef5a,generic_mutation,generic_comparison_flip,mined:basestring,medium,pending,train,0.0428,False,183,191,5,5,,
6241ac2d-7c88-4957-bf61-4eae32f191e8,mined__github_py23_41c38604297cef5a,generic_mutation,generic_boolop_flip,mined:basestring,medium,pending,train,0.0509,False,183,190,5,5,,
a1ffc458-0893-4b40-a974-1c62ae253ae1,mined__github_py23_41c38604297cef5a,generic_mutation,generic_off_by_one,mined:basestring,medium,pending,train,0.0428,False,183,191,5,5,,
b665ac02-4d38-4032-a8f3-077192765e65,mined__github_py23_41c38604297cef5a,generic_mutation,generic_return_value_dropped,mined:basestring,medium,pending,train,0.1,False,183,177,5,5,,
0b6c5a56-c3d2-4b6b-b6ae-094fb3ed186c,mined__github_py23_41c38604297cef5a,generic_mutation,generic_condition_negated,mined:basestring,medium,pending,train,0.0526,False,183,197,5,5,,
54623721-45e6-4aa4-8c18-81dfa202d6d7,mined__github_py23_ba472204f605f4e3,generic_mutation,generic_return_value_dropped,mined:basestring,medium,pending,train,0.5846,False,497,461,12,12,,
889a9117-20b4-43f5-acb0-fd5e5d184eb7,mined__github_py23_ba472204f605f4e3,generic_mutation,generic_condition_negated,mined:basestring,medium,pending,train,0.612,False,497,467,12,12,,
739a2e34-7fce-4d6b-ad88-f46c0aa4e159,mined__github_py23_581053d6c68a7554,generic_mutation,generic_condition_negated,mined:basestring,medium,pending,train,0.3715,False,332,314,8,8,,
9a6b8fd1-ed0f-420d-a6b0-1d8072b14537,mined__github_py23_9d7af4f18061d58a,generic_mutation,generic_return_value_dropped,mined:basestring,medium,pending,train,0.1543,False,89,86,4,4,,
222ed3ce-f13d-4523-86b7-e986b587e83e,mined__github_py23_9d7af4f18061d58a,generic_mutation,generic_condition_negated,mined:basestring,medium,pending,train,0.0851,False,89,99,4,4,,
a596d7a5-6adc-4181-bb2e-c25801143a5c,mined__github_py23_0f2e336c64328948,generic_mutation,generic_comparison_flip,mined:xrange(,medium,pending,train,0.0251,False,1754,1758,47,48,,
63fe1258-b817-4e9e-b52f-3371c52fd8c2,mined__github_py23_0f2e336c64328948,generic_mutation,generic_boolop_flip,mined:xrange(,medium,pending,train,0.0259,False,1754,1757,47,48,,
4a6b21fe-9d40-47c4-b0ae-2d6a64184753,mined__github_py23_0f2e336c64328948,generic_mutation,generic_off_by_one,mined:xrange(,medium,pending,train,0.0251,False,1754,1758,47,48,,
16a633b3-1809-4ed1-b7b3-508faacebe97,mined__github_py23_0f2e336c64328948,generic_mutation,generic_return_value_dropped,mined:xrange(,medium,pending,train,0.0907,False,1754,1708,47,48,,
20be36d0-e9bd-4e3e-9ed6-e2926072926b,mined__github_py23_0f2e336c64328948,generic_mutation,generic_condition_negated,mined:xrange(,medium,pending,train,0.0262,False,1754,1764,47,48,,
a141eb0b-a092-4fe7-a9ff-9852e65321c2,mined__github_py23_ca2356bc051726a4,generic_mutation,generic_comparison_flip,mined:six.PY3,medium,pending,test,0.3188,False,361,188,11,3,,
e6f65a28-be27-4621-91d0-cc8daafb8f8d,mined__github_py23_ca2356bc051726a4,generic_mutation,generic_off_by_one,mined:six.PY3,medium,pending,test,0.3164,False,361,189,11,3,,
82a74a4c-ea7d-4fa0-ac16-444516df6d10,mined__github_py23_7772a76194a39400,generic_mutation,generic_comparison_flip,mined:six.PY2,medium,pending,train,0.4733,False,603,445,16,10,,
208de607-70f7-4c2c-817a-cecf997a0228,mined__github_py23_7772a76194a39400,generic_mutation,generic_boolop_flip,mined:six.PY2,medium,pending,train,0.4713,False,603,441,16,10,,
e60d4674-924c-476e-bdf5-7a272f6b84c9,mined__github_py23_7772a76194a39400,generic_mutation,generic_off_by_one,mined:six.PY2,medium,pending,train,0.4738,False,603,446,16,10,,
2a122a4e-5082-4f6d-a429-b664d2c19ff0,mined__github_py23_7772a76194a39400,generic_mutation,generic_condition_negated,mined:six.PY2,medium,pending,train,0.4763,False,603,451,16,10,,
8871ddc3-c435-42de-8d72-3fe985048ccd,mined__github_py23_0599c01d84a6c605,generic_mutation,generic_off_by_one,mined:xrange(,medium,pending,train,0.1161,False,562,463,13,10,,
5a34583a-56da-4d1e-bfeb-62da9911dc41,mined__github_py23_0599c01d84a6c605,generic_mutation,generic_condition_negated,mined:xrange(,medium,pending,train,0.1467,False,562,467,13,10,,
119d7bd8-6fbd-4d75-8b7b-fc5a2fe01af7,mined__github_py23_d27e569045e7f751,generic_mutation,generic_off_by_one,mined:xrange(,medium,pending,train,0.1441,False,1229,1026,27,20,,
d6f2fb23-a513-4d70-bcb3-fb8ab8dfd4a5,mined__github_py23_a55154bf573fb8c7,generic_mutation,generic_boolop_flip,mined:six.PY3,medium,pending,train,0.1664,False,347,308,8,8,,
130cc905-daaa-4f50-83af-e0dc4e1caf6e,mined__github_py23_a55154bf573fb8c7,generic_mutation,generic_condition_negated,mined:six.PY3,medium,pending,train,0.1641,False,347,311,8,8,,
ab4aa599-4f45-4b3d-a0c4-b85381839deb,mined__github_py23_fe6228a697eb9e84,generic_mutation,generic_off_by_one,mined:six.PY3,medium,pending,train,0.2785,False,1693,1287,45,35,,
a419dfd7-2faf-4b99-916f-e8205867b1b2,mined__github_py23_fe6228a697eb9e84,generic_mutation,generic_return_value_dropped,mined:six.PY3,medium,pending,train,0.2881,False,1693,1268,45,35,,
a8dbd0a4-2c57-430a-8c77-86474dbeaac0,mined__github_py23_fe6228a697eb9e84,generic_mutation,generic_condition_negated,mined:six.PY3,medium,pending,train,0.2974,False,1693,1290,45,35,,
175ef7ee-9dd8-489b-976c-5c78d087850f,mined__github_py23_97e1af841f04203c,generic_mutation,generic_boolop_flip,mined:unknown,medium,pending,train,0.6845,False,1807,925,34,21,,
0234b3f9-d582-46a7-8966-fe8b0f781958,mined__github_py23_97e1af841f04203c,generic_mutation,generic_return_value_dropped,mined:unknown,medium,pending,train,0.7256,False,1807,868,34,21,,
eba9a2a2-5498-44e8-8625-1e6b5135deba,mined__github_py23_97e1af841f04203c,generic_mutation,generic_condition_negated,mined:unknown,medium,pending,train,0.7028,False,1807,932,34,21,,
79198c71-3365-4b30-8d74-cae51e2c90e4,mined__github_py23_706f5bcc68fa4d69,generic_mutation,generic_return_value_dropped,mined:unknown,medium,pending,train,0.0433,False,237,225,8,8,,
8942a8c8-f5c7-4ae6-8564-65867742a846,mined__github_py23_706f5bcc68fa4d69,generic_mutation,generic_condition_negated,mined:unknown,medium,pending,train,0.0667,False,237,243,8,8,,
eff822eb-eda6-4125-aa44-32ffeab31c04,mined__github_py23_b4a6ee02252e45e7,generic_mutation,generic_comparison_flip,mined:unknown,medium,pending,train,0.4005,False,266,131,7,5,,
81a82fb6-61d7-4102-a7b0-cbc7086ca429,mined__github_py23_b4a6ee02252e45e7,generic_mutation,generic_return_value_dropped,mined:unknown,medium,pending,train,0.4141,False,266,130,7,5,,
549fa5f3-d90f-45d2-9886-40dfa089b951,mined__github_py23_b4a6ee02252e45e7,generic_mutation,generic_condition_negated,mined:unknown,medium,pending,train,0.4015,False,266,135,7,5,,
9692a093-c035-4cd1-a77f-e1c69aad8bc9,mined__github_py23_57beb4a28c6fbc8e,generic_mutation,generic_comparison_flip,mined:six.PY3,medium,pending,train,0.3967,False,1675,881,48,8,,
60c3580b-41a9-4380-90d7-19fb21a90549,mined__github_py23_57beb4a28c6fbc8e,generic_mutation,generic_off_by_one,mined:six.PY3,medium,pending,train,0.6103,False,1675,881,48,8,,
5fbf8c9c-ce95-443c-9272-afa63adcb20d,mined__github_py23_e9d61a94841ea11c,generic_mutation,generic_off_by_one,mined:.assertEquals(,medium,pending,train,0.2216,False,357,329,8,8,,
25330d05-3295-498f-bf5f-d3be5a922b89,mined__github_py23_9083c02b42079065,generic_mutation,generic_off_by_one,mined:.assertEquals(,medium,pending,train,0.2701,False,325,297,8,8,,
12269ed5-564d-426a-b32d-42d01c1cb938,mined__github_py23_6351d7a3b45ee613,generic_mutation,generic_off_by_one,mined:.assertEquals(,medium,pending,train,0.0853,False,224,198,7,7,,
76112d0f-6afd-4d61-802d-3d13e5968e0a,mined__github_py23_167c13f9522dbd10,generic_mutation,generic_off_by_one,mined:.assertEquals(,medium,pending,train,0.2162,False,466,422,11,11,,
e86cb6c6-1cad-4d0a-9e39-a30c7cc62d65,mined__github_py23_3c466b86f795bebc,generic_mutation,generic_off_by_one,mined:.assertEquals(,medium,pending,test,0.2246,False,588,534,13,13,,
e1cc0c43-e43d-4f87-9593-8be1be93d38f,mined__github_py23_08f07086bc8db19f,generic_mutation,generic_off_by_one,mined:.assertEquals(,medium,pending,train,0.4198,False,444,404,10,10,,
8e573da0-9ce3-40d5-8c16-29cc0e09fd28,mined__github_py23_a00323abc7c80466,generic_mutation,generic_off_by_one,mined:.assertEquals(,medium,pending,train,0.0819,False,378,330,12,12,,
3ab456f0-f970-4113-8092-ac0c9bc24001,mined__github_py23_f9afc7e5e49485b0,generic_mutation,generic_off_by_one,mined:.assertEquals(,medium,pending,train,0.253,False,306,275,8,8,,
31dab48f-ab97-41e5-9732-d7bcfc19e6ca,mined__github_py23_2c8ebac4639aae79,generic_mutation,generic_off_by_one,mined:.assertEquals(,medium,pending,train,0.7709,False,507,401,13,13,,
f9c072c9-5835-4e66-ad41-e572644bd8a4,mined__github_py23_481d93c248200725,generic_mutation,generic_off_by_one,mined:.assertEquals(,medium,pending,train,0.04,False,142,133,3,3,,
ae8f8601-2607-4c49-ac4b-9b5f127f2c31,mined__github_py23_42eeaba0588bb89d,generic_mutation,generic_comparison_flip,mined:.assertEquals(,medium,pending,val,0.3373,False,525,492,12,16,,
78651462-889d-484e-b31e-b015a87e7bb4,mined__github_py23_ab67542253616c38,generic_mutation,generic_off_by_one,mined:.assertEquals(,medium,pending,train,0.3798,False,610,567,17,16,,
5e6dd1e8-70c9-4435-9946-354915ddb5c0,mined__github_py23_5d147705bff4ea04,generic_mutation,generic_comparison_flip,mined:.assertEquals(,medium,pending,train,0.1558,False,970,885,21,21,,
de98a971-5f62-42f4-ac4a-7fc0afea9c81,mined__github_py23_5d147705bff4ea04,generic_mutation,generic_off_by_one,mined:.assertEquals(,medium,pending,train,0.1515,False,970,885,21,21,,
7e0f8440-48a1-4380-acdb-6dc9a96d35ba,mined__github_py23_5d147705bff4ea04,generic_mutation,generic_condition_negated,mined:.assertEquals(,medium,pending,train,0.1533,False,970,889,21,21,,
bc0882f7-baaf-4069-bf38-776210de5cf9,mined__github_py23_ba84f183c0e97ad8,generic_mutation,generic_comparison_flip,mined:.assertEquals(,medium,pending,val,0.1363,False,802,731,18,18,,
a1b22f78-5f39-4687-8341-4f4381f8da40,mined__github_py23_ba84f183c0e97ad8,generic_mutation,generic_off_by_one,mined:.assertEquals(,medium,pending,val,0.1285,False,802,731,18,18,,
bd6287d8-9d37-4f01-872a-a8e67ef6aa9d,mined__github_py23_ba84f183c0e97ad8,generic_mutation,generic_condition_negated,mined:.assertEquals(,medium,pending,val,0.1334,False,802,735,18,18,,
48065e2b-0714-4db2-a166-2578f7c99818,mined__github_py23_aee73feccbbad059,generic_mutation,generic_off_by_one,mined:.assertEquals(,medium,pending,train,0.1386,False,643,562,14,11,,
71e9a1d2-4f96-430a-85bd-5fbaff07e42f,mined__github_py23_dda88131ededf09d,generic_mutation,generic_comparison_flip,mined:.assertEquals(,medium,pending,train,0.3678,False,1063,968,23,23,,
2d9c2c22-4f7c-4491-b0ba-439d023233a9,mined__github_py23_dda88131ededf09d,generic_mutation,generic_off_by_one,mined:.assertEquals(,medium,pending,train,0.3639,False,1063,968,23,23,,
d971ce78-3e34-42e8-8ebe-660cf7cd2458,mined__github_py23_dda88131ededf09d,generic_mutation,generic_condition_negated,mined:.assertEquals(,medium,pending,train,0.3651,False,1063,972,23,23,,
7a43111f-4a05-441d-9f50-c5eebe7b6397,mined__github_py23_c8cb0b927c0ad0f8,generic_mutation,generic_off_by_one,mined:.assertEquals(,medium,pending,test,0.3836,False,490,438,11,11,,
52c1a9a8-75a3-413d-b9cd-c14d2aa8180d,mined__github_py23_91a95b4cf1813042,generic_mutation,generic_off_by_one,mined:.assertEquals(,medium,pending,train,0.1061,False,680,555,16,12,,
ad073ea2-c99e-455b-ac4d-bb3d243b4aa1,mined__github_py23_a3ef94e778426c86,generic_mutation,generic_off_by_one,mined:.assertEquals(,medium,pending,train,0.1957,False,755,558,19,12,,
132d95a4-76a8-4916-b57b-b511ccced34d,mined__github_py23_43a6eec46efbb5b9,generic_mutation,generic_boolop_flip,mined:.assertEquals(,medium,pending,train,0.1919,False,1268,900,27,18,,
d1a8da95-a0dd-4b41-8be7-964a3120814a,mined__github_py23_43a6eec46efbb5b9,generic_mutation,generic_off_by_one,mined:.assertEquals(,medium,pending,train,0.1943,False,1268,899,27,18,,
15ee1098-7d1f-4c72-86aa-0a61761285e5,mined__github_py23_63a23b8c3503d24b,generic_mutation,generic_boolop_flip,mined:.assertEquals(,medium,pending,train,0.1845,False,1628,1315,33,26,,
beaae4f0-9437-4b8c-b58d-a37ee42fb1fc,mined__github_py23_63a23b8c3503d24b,generic_mutation,generic_off_by_one,mined:.assertEquals(,medium,pending,train,0.1863,False,1628,1314,33,26,,
f38174ff-e61e-4065-a89c-f7eebf60df67,mined__github_py23_9bea0d8a3e58230e,generic_mutation,generic_off_by_one,mined:.assertEquals(,medium,pending,train,0.0511,False,173,160,4,4,,
24d9ab2f-a6e9-4fb8-93a9-0ce3572bd2ad,mined__github_py23_ef19ee2d20b56035,generic_mutation,generic_off_by_one,mined:.assertEquals(,medium,pending,train,0.2594,False,572,519,11,10,,
9f41433c-93c0-49a1-a552-7573b3ac7cb1,mined__github_py23_6f515d20cec0bcd2,generic_mutation,generic_off_by_one,mined:.assertEquals(,medium,pending,train,0.0579,False,199,181,5,5,,
211f0ef5-ca45-440f-b264-ce7824541a1c,mined__github_py23_70f25595d4eb55a1,generic_mutation,generic_off_by_one,mined:.assertEquals(,medium,pending,test,0.4167,False,335,313,7,7,,
5a1f41d4-ef98-4f1b-aace-c1d79ca5725f,mined__github_py23_19b55a20b9cc5f1f,generic_mutation,generic_condition_negated,mined:.assertEquals(,medium,pending,train,0.0694,False,127,118,4,4,,
82bacb0d-c573-48a3-a811-83a5df08060e,mined__github_py23_3275534e0d2f655c,generic_mutation,generic_off_by_one,mined:.assertEquals(,medium,pending,train,0.0524,False,210,191,5,5,,
8cadf9e4-b214-4b28-a523-2a4744711483,mined__github_py23_6b491828fb881611,generic_mutation,generic_off_by_one,mined:.assertEquals(,medium,pending,train,0.0887,False,436,398,9,9,,
43cbe96e-dec2-4bff-8016-362e0383a81f,mined__github_py23_8fb17b741d370e35,generic_mutation,generic_off_by_one,mined:.assertEquals(,medium,pending,train,0.2107,False,218,195,6,6,,
53b73095-9929-4c13-8228-5551490e8c5b,mined__github_py23_377c6f2a1a458350,generic_mutation,generic_off_by_one,mined:.assertEquals(,medium,pending,train,0.0633,False,231,211,6,6,,
2d865f7c-5dae-459e-820c-d06be06188fe,mined__github_py23_61ef66ad8409477e,generic_mutation,generic_off_by_one,mined:.assertEquals(,medium,pending,train,0.0521,False,959,883,18,18,,
e613d4a2-f535-46b3-960c-aace13ca1b17,mined__github_py23_e25760e45298775e,generic_mutation,generic_off_by_one,mined:.assertEquals(,medium,pending,train,0.2834,False,390,358,8,8,,
aacd086e-a4fb-41a3-a25e-99d68cb1f476,mined__github_py23_741dfc22e201a651,generic_mutation,generic_comparison_flip,mined:.assertEquals(,medium,pending,train,0.1177,False,419,388,8,8,,
a237c0fb-8aab-4f1b-9ac9-819e087512c4,mined__github_py23_741dfc22e201a651,generic_mutation,generic_off_by_one,mined:.assertEquals(,medium,pending,train,0.1177,False,419,388,8,8,,
87d51e54-3ef9-4bb6-b7fc-fb33b9013e46,mined__github_py23_d59190b17f69a259,generic_mutation,generic_off_by_one,mined:.assertEquals(,medium,pending,val,0.1474,False,362,330,8,8,,
9a0619ac-b09f-4ca1-bf6f-4e7b8048844a,mined__github_py23_668846a0d7c2ce67,generic_mutation,generic_comparison_flip,mined:.assertEquals(,medium,pending,train,0.4098,False,733,558,17,15,,
cf0ca354-e447-4a4a-83c3-c2781bf8c2d7,mined__github_py23_668846a0d7c2ce67,generic_mutation,generic_off_by_one,mined:.assertEquals(,medium,pending,train,0.1969,False,733,557,17,15,,
b765fd42-9aea-498f-9b07-f05ae200bfca,mined__github_py23_5a62ba44590a4f70,generic_mutation,generic_off_by_one,mined:.assertEquals(,medium,pending,train,0.1077,False,594,520,18,16,,
f027d624-bb48-4664-87a1-fefda939b866,mined__github_py23_94d88e298aa9e0a8,generic_mutation,generic_off_by_one,mined:.assertEquals(,medium,pending,train,0.2185,False,744,661,20,18,,
8d2eb351-502a-4218-9508-c0b1a0776133,mined__github_py23_33d6e7427f5fddfe,generic_mutation,generic_off_by_one,mined:.assertEquals(,medium,pending,train,0.1889,False,764,681,20,18,,
e1956ff6-2300-4bc4-8a31-b5b5f1e6d6ee,mined__github_py23_98550c8022b33445,generic_mutation,generic_off_by_one,mined:.assertEquals(,medium,pending,train,0.0667,False,133,122,4,4,,
b4f7b6ae-fbdd-447a-aaf3-5a57b7f23a6f,mined__github_py23_dfba07456579c7fa,generic_mutation,generic_off_by_one,mined:.assertEquals(,medium,pending,train,0.1818,False,1103,1009,27,27,,
28529be0-5d8d-41f2-abf5-2634c52d336d,mined__github_py23_2161d3c8c0bd5112,generic_mutation,generic_off_by_one,mined:.assertEquals(,medium,pending,train,0.1621,False,364,333,8,8,,
e9102ac9-1db4-4c3a-b656-38da21f94e12,mined__github_py23_562246c700b9948d,generic_mutation,generic_off_by_one,mined:.assertEquals(,medium,pending,train,0.1549,False,335,304,8,8,,
2676c949-45a0-45ad-b799-5eb67c271c91,mined__github_py23_38c7804ab51333e8,generic_mutation,generic_off_by_one,"mined:.assertEquals(,.assertNotEquals(",medium,pending,train,0.5463,False,989,651,34,22,,
6d9f3128-c692-4f5d-9b44-42033898a4ae,mined__github_py23_38c7804ab51333e8,generic_mutation,generic_return_value_dropped,"mined:.assertEquals(,.assertNotEquals(",medium,pending,train,0.5537,False,989,651,34,22,,
1ea19cfb-648c-4981-9eca-7c706a7c76f6,mined__github_py23_3cf026af36154514,generic_mutation,generic_off_by_one,mined:.assertEquals(,medium,pending,val,0.1082,False,539,441,13,12,,
93c6b9c4-9ce1-4e3b-8c12-6351bc5629df,mined__github_py23_445a05a5c907c054,generic_mutation,generic_off_by_one,mined:.assertEquals(,medium,pending,train,0.1538,False,711,563,18,13,,
90121e80-f49d-4f7a-afce-0ddb6c9680ae,mined__github_py23_0bb38380b76ba076,generic_mutation,generic_off_by_one,"mined:.assertEquals(,.assertNotEquals(",medium,pending,val,0.144,False,263,237,7,7,,
c984529b-1334-44e7-9ee8-8f45f1ff9b9c,mined__github_py23_804f04de65739059,generic_mutation,generic_off_by_one,mined:.assertEquals(,medium,pending,val,0.1299,False,702,645,15,15,,
4c132ca6-61c8-4d28-94b9-b14bdb9cf45b,mined__github_py23_1e998f132b882108,generic_mutation,generic_comparison_flip,mined:.assertEquals(,medium,pending,train,0.0619,False,691,633,15,15,,
355d17d0-b5d1-4443-992a-08691907ce08,mined__github_py23_1e998f132b882108,generic_mutation,generic_off_by_one,mined:.assertEquals(,medium,pending,train,0.0529,False,691,633,15,15,,
9078a794-3146-41eb-b7eb-5ab105e11d93,mined__github_py23_45812f66e3bf66a9,generic_mutation,generic_off_by_one,mined:.assertEquals(,medium,pending,test,0.1085,False,496,444,11,11,,
d17f86f2-dd37-4741-a929-6b21a60f9294,mined__github_py23_e300f93bedae7ce7,generic_mutation,generic_comparison_flip,mined:.assertEquals(,medium,pending,test,0.093,False,594,524,17,16,,
d39ed982-483b-449f-85cb-d4b131fc74f4,mined__github_py23_e300f93bedae7ce7,generic_mutation,generic_off_by_one,mined:.assertEquals(,medium,pending,test,0.076,False,594,525,17,16,,
45761635-3822-4983-aa7e-fa7c1190de61,mined__github_py23_d25b2a3aea7c5bf0,generic_mutation,generic_boolop_flip,mined:.assertEquals(,medium,pending,train,0.2899,False,584,444,17,13,,
5eddc62f-0f7c-43d1-a4c9-74b3408f0e02,mined__github_py23_d25b2a3aea7c5bf0,generic_mutation,generic_off_by_one,mined:.assertEquals(,medium,pending,train,0.7546,False,584,443,17,13,,
ec0278a2-e85e-4054-8b45-a195e2942354,mined__github_py23_d25b2a3aea7c5bf0,generic_mutation,generic_condition_negated,mined:.assertEquals(,medium,pending,train,0.2953,False,584,449,17,13,,
6eb2c0b5-35f0-4b2f-aa08-21d0516ee81a,mined__github_py23_a73106e0905c255e,generic_mutation,generic_off_by_one,"mined:.assertEquals(,.assertNotEquals(",medium,pending,test,0.2141,False,824,703,21,21,,
ffad31ea-15c5-474a-a23f-4a5162dbde38,mined__github_py23_a73106e0905c255e,generic_mutation,generic_return_value_dropped,"mined:.assertEquals(,.assertNotEquals(",medium,pending,test,0.2084,False,824,692,21,21,,
2b3debe3-63e4-4357-bcec-d1016ae68236,mined__github_py23_a73106e0905c255e,generic_mutation,generic_condition_negated,"mined:.assertEquals(,.assertNotEquals(",medium,pending,test,0.211,False,824,707,21,21,,
f57de54e-33fb-438c-bca1-4925f6c1c2b5,mined__github_py23_89e6e27cc465641e,generic_mutation,generic_off_by_one,mined:.assertEquals(,medium,pending,train,0.2689,False,672,414,17,13,,
33af1f4d-a668-4ca5-870c-f9da511bb2b3,mined__github_py23_726ae286ca504017,generic_mutation,generic_off_by_one,mined:.assertEquals(,medium,pending,val,0.0505,False,155,142,4,4,,
7f868599-d62b-4615-abf0-5f8a2eacb5b5,mined__github_py23_2aa34fd3ceca9b9a,generic_mutation,generic_off_by_one,mined:.assertEquals(,medium,pending,train,0.4848,False,584,534,13,13,,
3ddde70c-1a5d-440b-b9b6-2cb34603b6f8,mined__github_py23_2739704bb3ea4346,generic_mutation,generic_off_by_one,mined:.assertEquals(,medium,pending,train,0.093,False,230,211,6,6,,
685a4f6f-0501-4cd4-844d-b5630b3723a1,mined__github_py23_e23ba28af98711f7,generic_mutation,generic_off_by_one,mined:.assertEquals(,medium,pending,test,0.0795,False,499,444,12,11,,
e1fab847-f14f-4ae9-ab33-9cadadff7296,mined__github_py23_406cbbaff2137f23,generic_mutation,generic_comparison_flip,mined:.assertEquals(,medium,pending,test,0.1543,False,680,623,15,15,,
6afcccd8-ae79-4412-81c6-eeb20249c190,mined__github_py23_406cbbaff2137f23,generic_mutation,generic_off_by_one,mined:.assertEquals(,medium,pending,test,0.145,False,680,623,15,15,,
c784f548-e4aa-4108-a862-669fb9aca960,mined__github_py23_f978b4bbf63f8391,generic_mutation,generic_off_by_one,mined:.assertEquals(,medium,pending,val,0.1069,False,503,451,11,11,,
671134b2-32ca-4266-87b5-4bdb44aec50c,mined__github_py23_f2da4045f4e4a908,generic_mutation,generic_comparison_flip,mined:.assertEquals(,medium,pending,train,0.1096,False,387,352,10,10,,
60d93484-c85a-467c-a4a3-feeec028a9a2,mined__github_py23_f2da4045f4e4a908,generic_mutation,generic_off_by_one,mined:.assertEquals(,medium,pending,train,0.0838,False,387,353,10,10,,
a117b477-337a-4ff7-afa3-d27f3f14e6bf,mined__github_py23_a90b961e6f85136a,generic_mutation,generic_off_by_one,mined:.assertEquals(,medium,pending,train,0.0626,False,242,221,6,6,,
7a20e65f-0f86-4e31-b95b-a9f845c3dbd6,mined__github_py23_863b8e1b25cd9e7f,generic_mutation,generic_comparison_flip,mined:.assertEquals(,medium,pending,train,0.062,False,350,311,11,9,,
f78ff781-6e37-4f6d-86bd-05faf5283e59,mined__github_py23_863b8e1b25cd9e7f,generic_mutation,generic_off_by_one,mined:.assertEquals(,medium,pending,train,0.713,False,350,312,11,9,,
ba844710-6946-4776-882d-536e6ec57c71,mined__github_py23_6af52bb63564fda8,generic_mutation,generic_off_by_one,mined:.assertEquals(,medium,pending,train,0.0524,False,469,428,11,11,,
ed2c44fa-20f9-4a35-88a5-74a838a3b42c,mined__github_py23_8b8abdfcde145ccf,generic_mutation,generic_off_by_one,mined:.assertEquals(,medium,pending,test,0.0505,False,507,464,11,11,,
d73a92e4-a378-47c6-b3eb-ba5e3b851206,mined__github_py23_d4b93169162859e5,generic_mutation,generic_off_by_one,mined:.assertEquals(,medium,pending,val,0.0477,False,545,503,11,11,,
0d9fb7ab-e30e-4a5c-80be-079e349e8b40,mined__github_py23_8807d1efb3dba8aa,generic_mutation,generic_off_by_one,mined:.assertEquals(,medium,pending,train,0.3036,False,339,244,9,9,,
e2364088-ae64-4367-a589-f1cb1b47b6c7,mined__github_py23_8807d1efb3dba8aa,generic_mutation,generic_return_value_dropped,mined:.assertEquals(,medium,pending,train,0.2743,False,339,226,9,9,,
66b1acef-f0da-487b-ae96-fb2145178647,mined__github_py23_b08558129f08adb1,generic_mutation,generic_off_by_one,mined:.assertEquals(,medium,pending,train,0.0813,False,169,151,6,7,,
14e57003-a03e-4356-8f25-28d685158405,mined__github_py23_b08558129f08adb1,generic_mutation,generic_return_value_dropped,mined:.assertEquals(,medium,pending,train,0.0943,False,169,149,6,7,,
6c3a4a26-49cd-4732-af50-72adcbc431ac,mined__github_py23_42a0e0f48b712dec,generic_mutation,generic_off_by_one,"mined:.assertEquals(,.assertNotEquals(",medium,pending,train,0.27,False,752,533,18,16,,
7173fc96-acc4-4e31-9b82-395cefabf278,mined__github_py23_42a0e0f48b712dec,generic_mutation,generic_return_value_dropped,"mined:.assertEquals(,.assertNotEquals(",medium,pending,train,0.5183,False,752,531,18,16,,
b080dbb5-671a-45c4-9f97-49ab597c29fa,mined__github_py23_34b8713d388d37b6,generic_mutation,generic_off_by_one,mined:.assertEquals(,medium,pending,train,0.2545,False,620,429,18,16,,
e7fdcc84-e63f-4f46-b086-b6b8adb10367,mined__github_py23_34b8713d388d37b6,generic_mutation,generic_return_value_dropped,mined:.assertEquals(,medium,pending,train,0.7479,False,620,427,18,16,,
287aeba9-6c5d-4370-9002-0489ba18f134,mined__github_py23_2559304a4c99cb32,generic_mutation,generic_off_by_one,mined:.assertEquals(,medium,pending,val,0.3766,False,348,207,9,7,,
a6266b73-f468-4510-8da0-235bdaea1a92,mined__github_py23_6befe4004b728781,generic_mutation,generic_off_by_one,mined:.assertEquals(,medium,pending,val,0.1287,False,356,312,12,11,,
a8e3efda-1888-4b4d-a795-19671c0b97f1,mined__github_py23_5a755b36b1f93cdd,generic_mutation,generic_off_by_one,mined:.assertEquals(,medium,pending,train,0.4622,False,791,559,21,16,,
74fc9b05-9881-4b57-9360-4c64b9b24d23,mined__github_py23_05c6aa914bd33a90,generic_mutation,generic_condition_negated,mined:.assertEquals(,medium,pending,train,0.1749,False,569,483,15,10,,
928d04cc-30c7-4b0d-a3d5-b6860204e77f,mined__github_py23_3eb1efbaae5ddeb7,generic_mutation,generic_condition_negated,mined:.assertEquals(,medium,pending,train,0.1857,False,1149,951,32,19,,
e5e783e0-81d3-4a63-8a96-1784331a88a5,mined__github_py23_5446b12b99c76812,generic_mutation,generic_condition_negated,mined:.assertEquals(,medium,pending,train,0.2379,False,1330,1074,40,23,,
53076405-52d4-4031-b2ef-8a1d4fbf1d90,mined__github_py23_a0b6435256b825a4,generic_mutation,generic_condition_negated,mined:.assertEquals(,medium,pending,train,0.1852,False,1271,1034,38,22,,
98fc3b11-7f1c-441f-9578-e63a31c63636,mined__github_py23_a6a8518f430cfcc3,generic_mutation,generic_off_by_one,mined:.assertEquals(,medium,pending,test,0.0886,False,677,598,20,18,,
07e5d27f-3a1a-45c8-899f-3a186160c6a0,mined__github_py23_d9cdbaa556ae3fd3,generic_mutation,generic_off_by_one,mined:.assertEquals(,medium,pending,train,0.1473,False,945,840,26,23,,
d5f9ccd3-d5c1-410b-bd8e-a27c480e1519,mined__github_py23_4f85e7789ad9d0e5,generic_mutation,generic_off_by_one,mined:.assertEquals(,medium,pending,train,0.1892,False,974,765,27,22,,
67bb2a30-1622-462c-901c-21d1b451c7e3,mined__github_py23_4b437b89f9d0476e,generic_mutation,generic_off_by_one,mined:.assertEquals(,medium,pending,train,0.1161,False,677,606,17,17,,
bdbb28d5-3da8-4b6b-9d9f-81a6f4ea7764,mined__github_py23_29fa9ff144335c42,generic_mutation,generic_off_by_one,mined:.assertEquals(,medium,pending,train,0.8401,False,967,884,25,25,,
ea9222ea-7715-4915-9003-d6da505f7287,mined__github_py23_1d59f82bd96af8dd,generic_mutation,generic_off_by_one,mined:.assertEquals(,medium,pending,train,0.2154,False,853,758,26,26,,
f3dc75a4-95f5-4cbf-9432-e321cee56a04,mined__github_py23_1d59f82bd96af8dd,generic_mutation,generic_return_value_dropped,mined:.assertEquals(,medium,pending,train,0.1821,False,853,756,26,26,,
375e58e6-7a4f-473d-aef6-4a10e60b120d,mined__github_py23_d9b723fcf34d5f98,generic_mutation,generic_off_by_one,mined:.assertEquals(,medium,pending,train,0.1316,False,416,344,13,13,,
8a3e80f5-b3be-4cf6-a39b-b7cff221bb74,mined__github_py23_d9b723fcf34d5f98,generic_mutation,generic_return_value_dropped,mined:.assertEquals(,medium,pending,train,0.1324,False,416,347,13,13,,
0b3a291f-d8f5-4fdd-a457-a36426d28979,mined__github_py23_47b4e96966df0455,generic_mutation,generic_off_by_one,mined:.assertEquals(,medium,pending,test,0.1124,False,282,252,9,10,,
ec21a2ed-e5dc-409a-acd0-30cd1ec7b4ff,mined__github_py23_47b4e96966df0455,generic_mutation,generic_return_value_dropped,mined:.assertEquals(,medium,pending,test,0.1099,False,282,255,9,10,,
a7276045-af2c-4236-b951-99fdaed5fb6b,mined__github_py23_114ad11735c85f8d,generic_mutation,generic_off_by_one,mined:.assertEquals(,medium,pending,test,0.3664,False,605,465,17,15,,
5263342f-d88a-42e0-a398-2d5378d173b1,mined__github_py23_201b95c42c4ae28b,generic_mutation,generic_off_by_one,mined:.assertEquals(,medium,pending,test,0.1388,False,365,334,10,8,,
d7389684-86e4-48ff-bcf7-fdf2c41fd6d2,mined__github_py23_8342b585ae52b9a8,generic_mutation,generic_off_by_one,mined:.assertEquals(,medium,pending,train,0.1669,False,659,575,17,17,,
586f9e3a-a934-4823-a970-de9ca05acb82,mined__github_py23_8342b585ae52b9a8,generic_mutation,generic_return_value_dropped,mined:.assertEquals(,medium,pending,train,0.201,False,659,550,17,17,,
a33a1d1b-fd9c-4d13-8778-ada11c0c21a9,mined__github_py23_7f4132023c57c627,generic_mutation,generic_off_by_one,mined:.assertEquals(,medium,pending,test,0.1667,False,531,477,14,13,,
55cbada3-ae5d-4fd9-8bf4-482a14caf38e,mined__github_py23_2d35fcfcd69c4f06,generic_mutation,generic_off_by_one,mined:.assertEquals(,medium,pending,train,0.1791,False,532,484,13,12,,
65db3c49-70e3-45f3-a7f0-8c869dddd5c8,mined__github_py23_b8e4fc4fdd234534,generic_mutation,generic_off_by_one,mined:.assertEquals(,medium,pending,test,0.0641,False,190,169,6,6,,
9e1bf18b-75e2-4c5a-92bd-2af0dec49e46,mined__github_py23_cf4dd7c6e76a8b74,generic_mutation,generic_off_by_one,mined:.assertEquals(,medium,pending,val,0.1657,False,275,250,7,7,,
9255f3cb-def3-4d95-9475-0f16a8afe4ec,mined__github_py23_b83a0ead14790288,generic_mutation,generic_off_by_one,mined:.assertEquals(,medium,pending,train,0.059,False,275,250,7,7,,
4f790a5e-0656-4995-a8cb-7f5560d7030f,mined__github_py23_68f7b1c1c2cb8bd1,generic_mutation,generic_off_by_one,mined:.assertEquals(,medium,pending,val,0.2012,False,747,610,22,14,,
ea4dd27e-2c71-4ccc-894d-0623d744f4f6,mined__github_py23_65b73e1d41890896,generic_mutation,generic_off_by_one,mined:.assertEquals(,medium,pending,test,0.082,False,194,172,7,8,,
5b1dcb73-c6a7-4997-bf2a-22e0092b9c38,mined__github_py23_65b73e1d41890896,generic_mutation,generic_return_value_dropped,mined:.assertEquals(,medium,pending,test,0.0934,False,194,170,7,8,,
6fcebfb6-6a5c-4d5b-92c7-e810dcf246bd,mined__github_py23_b02b3c5606315859,generic_mutation,generic_off_by_one,mined:.assertEquals(,medium,pending,train,0.3714,False,350,210,9,7,,
fe85702c-2329-4a96-9960-b947f86f03a0,mined__github_py23_c9d5bfa2bc6a033d,generic_mutation,generic_off_by_one,mined:.assertEquals(,medium,pending,train,0.1375,False,225,204,6,6,,
601cbfa2-a870-453c-b4e9-e7887eedb6e3,mined__github_py23_f863b1be99c2d31d,generic_mutation,generic_off_by_one,mined:.assertEquals(,medium,pending,train,0.1014,False,415,344,11,10,,
08e67b86-4aa8-4d67-8efc-0691b0348c7a,mined__github_py23_04099221c061807e,generic_mutation,generic_off_by_one,mined:.assertEquals(,medium,pending,train,0.3226,False,487,319,14,11,,
25b09456-a30f-4caf-aa96-7ba3f73d2f86,mined__github_py23_04099221c061807e,generic_mutation,generic_return_value_dropped,mined:.assertEquals(,medium,pending,train,0.3081,False,487,305,14,11,,
9c39b65b-6ada-45f6-bd02-3a227a5c4343,mined__github_py23_cd35c90b41ac798d,generic_mutation,generic_comparison_flip,mined:.assertEquals(,medium,pending,train,0.1232,False,292,260,10,10,,
46dd0916-f616-4592-973b-050ac188a8a1,mined__github_py23_cd35c90b41ac798d,generic_mutation,generic_off_by_one,mined:.assertEquals(,medium,pending,train,0.1212,False,292,261,10,10,,
f7a6b0f0-5304-464a-a6ed-01031f8a1621,mined__github_py23_cd35c90b41ac798d,generic_mutation,generic_condition_negated,mined:.assertEquals(,medium,pending,train,0.1311,False,292,265,10,10,,
72e5e5bf-f986-442b-9b40-120567288ce2,mined__github_py23_cdb1369dd9a520a9,generic_mutation,generic_off_by_one,mined:.assertEquals(,medium,pending,train,0.0585,False,180,162,5,5,,
cfe6f239-0c9b-4a84-a69d-28b0be4889a2,mined__github_py23_a5046681b61f9ff9,generic_mutation,generic_off_by_one,mined:.assertEquals(,medium,pending,train,0.0753,False,445,405,11,11,,
0ecb9765-a69b-47ca-9310-5ead72f2cd9c,mined__github_py23_a99a109ecebe1ca2,generic_mutation,generic_off_by_one,mined:.assertEquals(,medium,pending,train,0.1933,False,376,343,9,9,,
62c9797e-0510-4960-a49c-786d06961ba2,mined__github_py23_5d6966b256251320,generic_mutation,generic_off_by_one,mined:.assertEquals(,medium,pending,train,0.0585,False,215,195,6,6,,
eb8f28db-9d54-47e6-8394-792050c1c0c2,mined__github_py23_b35594b70585f167,generic_mutation,generic_off_by_one,mined:.assertEquals(,medium,pending,train,0.0676,False,224,205,6,6,,
592e6475-4817-431a-ac29-00a5ae80121b,mined__github_py23_95c906f83fc9d4fc,generic_mutation,generic_off_by_one,mined:.assertEquals(,medium,pending,train,0.1328,False,674,553,16,15,,
cddc886c-3b95-4acc-965b-50cd94f4f1e1,mined__github_py23_979455e2cc16bdcb,generic_mutation,generic_off_by_one,mined:.assertEquals(,medium,pending,train,0.1919,False,307,282,7,7,,
bde178a9-5bbb-4ee2-8b7c-0d83df5e091e,mined__github_py23_af625db57d479be5,generic_mutation,generic_off_by_one,mined:.assertEquals(,medium,pending,train,0.0642,False,228,208,6,6,,
0799d526-b56b-4510-866c-dbf1075ddf8e,mined__github_py23_5ead59b74047a955,generic_mutation,generic_comparison_flip,mined:.assertEquals(,medium,pending,val,0.2635,False,672,569,17,16,,
c781ec44-8597-4ae4-90e7-9e8d6f7e66bc,mined__github_py23_5ead59b74047a955,generic_mutation,generic_off_by_one,mined:.assertEquals(,medium,pending,val,0.2393,False,672,569,17,16,,
d1d56bc8-ceda-43c3-85e9-329891eb54f4,mined__github_py23_5ead59b74047a955,generic_mutation,generic_condition_negated,mined:.assertEquals(,medium,pending,val,0.253,False,672,573,17,16,,
25b58858-1385-412d-b732-8fc051a6c30e,mined__github_py23_3ef11a6d130255c1,generic_mutation,generic_off_by_one,mined:.assertEquals(,medium,pending,train,0.3086,False,538,405,14,12,,
c6ed0084-3358-45ff-9e84-791c759b5c2b,mined__github_py23_a6a7c0926c12e3e5,generic_mutation,generic_off_by_one,mined:.assertEquals(,medium,pending,test,0.0561,False,111,103,3,3,,
19876203-b9a6-493d-986e-6bbf64074acf,mined__github_py23_9ee4bce5fb2b8b88,generic_mutation,generic_off_by_one,mined:.assertEquals(,medium,pending,test,0.0536,False,116,108,3,3,,
dd4059d1-843a-4902-bbb1-907cb005ad83,mined__github_py23_7f06959aea44ac9b,generic_mutation,generic_off_by_one,mined:.assertEquals(,medium,pending,val,0.3486,False,770,673,13,12,,
71fb28e0-925a-4fac-b1e3-9fabe9bf1f98,mined__github_py23_ff0de6a9e076b4e6,generic_mutation,generic_off_by_one,mined:.assertEquals(,medium,pending,train,0.4821,False,2170,1997,46,39,,
1a350053-d25e-4555-a956-d31c009e5742,mined__github_py23_fe18e1dbc7dacd15,generic_mutation,generic_comparison_flip,"mined:except X, e:",medium,pending,train,0.3909,False,3353,2472,77,51,,
ca99c1fd-c186-4bba-829c-9111331e2d10,mined__github_py23_fe18e1dbc7dacd15,generic_mutation,generic_boolop_flip,"mined:except X, e:",medium,pending,train,0.395,False,3353,2472,77,51,,
a7869457-a817-42ff-9413-e2628cb65e8a,mined__github_py23_fe18e1dbc7dacd15,generic_mutation,generic_off_by_one,"mined:except X, e:",medium,pending,train,0.3911,False,3353,2471,77,51,,
1067c8de-2a4d-47da-a83f-07c9d6f5fc90,mined__github_py23_fe18e1dbc7dacd15,generic_mutation,generic_return_value_dropped,"mined:except X, e:",medium,pending,train,0.3909,False,3353,2472,77,51,,
b57de062-a057-403d-a8b4-e1c3f1890576,mined__github_py23_fe18e1dbc7dacd15,generic_mutation,generic_condition_negated,"mined:except X, e:",medium,pending,train,0.3912,False,3353,2475,77,51,,
