id,family_id,label,split,source,original_tokens,migrated_tokens,pair_tokens
a5a2c71f-4d1b-4c48-b557-e4461ce27041,dict_iteritems_01,equivalent,test,real_curated,52,51,103
6c462551-abc7-4c3b-8c29-f173bcb5ada7,dict_iterkeys_01,equivalent,val,real_curated,48,47,95
f431d819-e1ad-4272-9b69-be1c10bde806,print_statement_01,equivalent,train,real_curated,17,18,35
a312b31d-15f1-4927-b65c-a01f732e1a10,except_as_01,equivalent,train,real_curated,51,51,102
5fc97345-383f-441b-80c2-3c00015ecbb9,division_01,equivalent,train,real_curated,15,15,30
38685eb8-fe45-4d55-82a9-244157ade99b,xrange_01,equivalent,train,real_curated,45,44,89
ef555965-12e2-4645-9aa6-dfe9d01897e9,unicode_str_01,equivalent,test,real_curated,24,23,47
4509e095-139c-4a58-920d-58d908340d2c,map_list_01,equivalent,train,real_curated,35,37,72
08a37941-8c79-4572-8fb4-95bd7d101b8a,has_key_01,equivalent,test,real_curated,22,17,39
40125e47-26e4-4ff6-8bef-752e298ae269,next_method_01,equivalent,train,real_curated,26,26,52
cb517633-5f6e-4c47-bdf2-e652c3c63cd0,raise_syntax_01,equivalent,train,real_curated,40,39,79
9db8daa1-1c1e-4c7b-a259-2343ed2e3072,sorted_cmp_01,equivalent,test,real_curated,30,48,78
5bf080ba-7e5b-4f3c-aa10-1febf42177b1,basestring_01,equivalent,train,real_curated,23,21,44
94917e97-65db-473f-9171-33a1f2961005,long_int_01,equivalent,train,real_curated,18,18,36
34a3022d-ab80-44ab-aa79-adda9d8ec43d,urllib_import_01,equivalent,train,real_curated,31,33,64
11fa7648-0046-48cc-9f9f-7292f0b549d4,stringio_01,equivalent,train,real_curated,44,42,86
4f1af05d-a611-4ede-b16b-deb7f2fb2ee3,dict_values_list_01,equivalent,train,real_curated,30,32,62
bde77797-7592-4c77-916b-ad4d4443a7d5,input_raw_input_01,equivalent,train,real_curated,27,25,52
e6cf5cf6-738f-40d4-ab8a-89a9706f9bef,exec_statement_01,equivalent,train,real_curated,17,19,36
6df0b136-be29-4f12-8e92-4fa68d3c5f8e,zip_list_01,equivalent,val,real_curated,33,35,68
599caa92-b507-46e8-ad9c-39e348072c4d,mined__github_py23_bddda6e80555ed31,equivalent,val,real_mined,176,58,234
fdd830b2-acc9-4c2c-a442-7bf12bbe133f,mined__github_py23_551448e16a407582,equivalent,test,real_mined,295,190,485
22211ca1-2f8e-41cc-8940-aa503d754938,mined__github_py23_d4d05ae1b21ac988,equivalent,train,real_mined,2128,2099,4227
fa88a389-84e6-4169-9d6c-3912b7b24f3a,mined__github_py23_c3428b16c724dd1c,equivalent,train,real_mined,282,223,505
5985e303-8c96-43e8-9e8e-cdb6ef144fc3,mined__github_py23_1452c0c2b3143cc4,equivalent,val,real_mined,1577,1532,3109
1cc4bd87-dca7-4d71-b116-3368b1a236b2,mined__github_py23_fea5b2c6db74a4d9,equivalent,train,real_mined,971,882,1853
6dd8bb7e-b3a7-41da-ac20-eb0d719dd6d5,mined__github_py23_a19062e58ee76990,equivalent,train,real_mined,158,90,248
e39a980c-c9e6-40a0-9a29-8d3bcbbf8568,mined__github_py23_81ef2a9482e67f5c,equivalent,train,real_mined,191,158,349
0dff5d71-ac22-48a5-ba86-19db1b872662,mined__github_py23_b6a43db1280201af,equivalent,test,real_mined,127,98,225
eccd65ac-8f0f-4657-8616-3d45e2c7e23a,mined__github_py23_ebe53a2f9254a655,equivalent,test,real_mined,190,167,357
88bcf2a7-03e7-422e-94f2-67ba1ee2ba9e,mined__github_py23_381d8546b5877771,equivalent,train,real_mined,515,369,884
a3d25f91-a375-49dd-a53e-fb9b0591a197,mined__github_py23_714742d93306762f,equivalent,train,real_mined,269,213,482
c15b3c5d-cf8f-4a2e-a56c-73dd37d4a85a,mined__github_py23_e2de11afe6fc6774,equivalent,test,real_mined,323,269,592
45e76aa4-b5fc-4864-87ea-fcb7e25f4562,mined__github_py23_e14435df73685e85,equivalent,val,real_mined,1154,1113,2267
1c4551a2-5867-46fa-a8af-88f31edc9445,mined__github_py23_9649e292d93a9563,equivalent,train,real_mined,532,223,755
cf875c20-4f93-4cce-815d-68d709bd90d8,mined__github_py23_b806ddecbfed5cc5,equivalent,test,real_mined,901,863,1764
3101d02f-99fd-4416-acc4-aedca2f947b6,mined__github_py23_fa5d4b926242ef70,equivalent,train,real_mined,240,178,418
d60c741e-65bd-4c5d-bab9-b7c4b4c8c07e,mined__github_py23_6e2afd95e8e25159,equivalent,val,real_mined,108,90,198
21fb01f6-6017-4dc7-8c6a-dec7390da949,mined__github_py23_4021af02a4950c5a,equivalent,train,real_mined,810,658,1468
0b9513ac-b5b6-43ea-905f-1da5ee9cac2e,mined__github_py23_349ec75f114f9b21,equivalent,test,real_mined,112,25,137
f865a179-dd11-42a0-a297-7d8d18481644,mined__github_py23_b72c696ade80b9e3,equivalent,train,real_mined,110,25,135
9a15da65-30dd-4ee5-8111-1c71eb034ef8,mined__github_py23_a1e792ae92ea810b,equivalent,test,real_mined,88,33,121
2a0329b4-2619-4368-991b-5e6255fd6165,mined__github_py23_7d1422f0fb598877,equivalent,train,real_mined,579,464,1043
d2ece81b-433a-4e7d-88c7-53b0a2db16a8,mined__github_py23_2c1cee2a171d0094,equivalent,val,real_mined,494,448,942
e6428f4b-99f7-4d57-8c56-db6eb824926a,mined__github_py23_7ecaab3a53cd0c27,equivalent,train,real_mined,1224,1156,2380
eb987993-cc6d-4376-8d57-98fc331399eb,mined__github_py23_a7028b7606e9a577,equivalent,train,real_mined,305,278,583
3496ad84-c90c-4ccd-a306-dc757443c879,mined__github_py23_12d484075c40e123,equivalent,train,real_mined,687,609,1296
de217837-9695-457c-8de7-1d0c4d96c5e8,mined__github_py23_225283c2d986aeb0,equivalent,test,real_mined,717,448,1165
034d7a81-0336-47de-804b-9da81bb94789,mined__github_py23_dcc036a716667c56,equivalent,val,real_mined,839,622,1461
556d1702-8eac-4867-ab3b-4d398bae52e6,mined__github_py23_06f8c3a348dab8c6,equivalent,train,real_mined,220,206,426
d2c4a92c-0317-4b93-a959-ec303af46db3,mined__github_py23_4820937316ce1966,equivalent,train,real_mined,591,548,1139
b8045a71-6688-4200-9819-7148ac002dcc,mined__github_py23_e21772c455cae9e9,equivalent,train,real_mined,150,142,292
411bbc73-60c2-4639-996d-da69c4461b68,mined__github_py23_140f724cfe638c1c,equivalent,val,real_mined,32,22,54
a5efc31a-e7eb-4881-a489-7003b14e6b01,mined__github_py23_a9431c752f84d305,equivalent,train,real_mined,324,244,568
c86b8167-a6f1-4ac9-b86a-3a889ad585d7,mined__github_py23_e0479973c5d4259b,equivalent,train,real_mined,77,35,112
2e31f60b-dafe-4dfc-a5cf-46b640b3d8fe,mined__github_py23_caed54f34bae6d0f,equivalent,train,real_mined,91,53,144
1812f341-0bbd-4553-baec-039c21b82934,mined__github_py23_78c3141b831cd1ba,equivalent,val,real_mined,134,83,217
8e7c8cda-6af9-4792-abd7-904d2001268f,mined__github_py23_102af4ba8c2b4cb4,equivalent,train,real_mined,781,648,1429
24e17a81-836a-49ef-b900-0552a36eb469,mined__github_py23_491e779b295a237d,equivalent,train,real_mined,633,575,1208
be9e9d9c-4faa-40c1-a6a4-d6ac097433d1,mined__github_py23_bcb107de72eb55f6,equivalent,test,real_mined,218,206,424
f570be92-6956-43df-b3dc-047bf9fac327,mined__github_py23_f2dcd767f9d15aee,equivalent,train,real_mined,434,378,812
49249530-050b-43ef-aeb6-d7b44d343308,mined__github_py23_911c259f7108f81f,equivalent,train,real_mined,268,212,480
7c010d6f-3940-4a87-bf0a-6817f4d59628,mined__github_py23_6eb95ade91e748a7,equivalent,train,real_mined,562,309,871
80c1d64c-9626-4c3b-a7bb-036e4b3e812c,mined__github_py23_dd3e3c84d54bf00e,equivalent,train,real_mined,238,153,391
c442100d-16cf-411f-ba57-e3b87c2d546d,mined__github_py23_9b4833cf0e920e2c,equivalent,train,real_mined,274,179,453
54a3491f-ddac-48b7-9796-a21727028e32,mined__github_py23_244953afef81edd2,equivalent,train,real_mined,513,444,957
72f6b46f-5b0b-4fd6-aa7b-96c4d1ce7db9,mined__github_py23_c2064f79b90e9ca6,equivalent,train,real_mined,947,828,1775
7563258e-42db-43b3-8a14-27eda15cdec9,mined__github_py23_d5faa4b7a392ad17,equivalent,train,real_mined,346,318,664
8751fdde-622a-4191-bd88-e4213bdced02,mined__github_py23_72cb472888f5e754,equivalent,test,real_mined,138,86,224
c7e51f04-064a-4963-9f7d-64e1c2103ed8,mined__github_py23_6a40a8596538dad6,equivalent,train,real_mined,631,333,964
2f476c9a-0a77-4f0c-8b87-0918d98ab212,mined__github_py23_eaa65bd15dcfd57c,equivalent,val,real_mined,314,70,384
c7537122-4462-408d-ad08-0fee99f526dc,mined__github_py23_f1568ad4811c39a1,equivalent,train,real_mined,131,98,229
a9ad432b-1836-4fbd-aa5b-081ecfe345af,mined__github_py23_cafd1aff72a05708,equivalent,val,real_mined,101,84,185
2f707f2a-2316-47b6-9221-6d7f88c8e50c,mined__github_py23_7dab87f389a1d176,equivalent,train,real_mined,91,31,122
475e6312-7712-4b1d-b2f1-0cbe704ea83c,mined__github_py23_7c3965bc7d195c23,equivalent,train,real_mined,1466,1371,2837
2a90f2b6-ac83-4bb8-9d2c-83f2db14951b,mined__github_py23_2c5486ee4035d5d2,equivalent,val,real_mined,140,132,272
abdf4d6b-d613-4fcd-9425-ded71b2c33f6,mined__github_py23_97f7a8d50788491a,equivalent,train,real_mined,152,146,298
6497b0b6-cf1b-4013-9e67-65dbdb8e7dd6,mined__github_py23_9741790f74a2595e,equivalent,train,real_mined,223,163,386
aaba5d86-4b0f-4fc8-ac17-c2bef29ff9cc,mined__github_py23_01238bf196ee31bf,equivalent,train,real_mined,811,707,1518
e606ccab-de1c-41a1-a189-251ad531b22a,mined__github_py23_03f2d60b756d4f0d,equivalent,train,real_mined,214,198,412
c2e1a3ff-d986-4555-b5aa-6ce911858ec2,mined__github_py23_287a1b27c93102e6,equivalent,train,real_mined,340,274,614
f6e359b1-9cde-4895-9d0a-87be4baed796,mined__github_py23_e9c2e109e073fad0,equivalent,test,real_mined,545,449,994
ac46b611-62c9-490b-a76a-5f83e2f9353c,mined__github_py23_563991a64dc6fdd6,equivalent,test,real_mined,183,124,307
690ea15b-1a7d-41f1-97b6-c0641b378c5f,mined__github_py23_c4cf949c86d2080d,equivalent,test,real_mined,207,194,401
97ca33c9-b12e-4143-a81a-e7afb7c243da,mined__github_py23_6dbdf1e0bc7c0887,equivalent,test,real_mined,615,464,1079
e8e1897f-e374-4881-a90a-a3e9919f943f,mined__github_py23_32a3e85c5bcd0346,equivalent,train,real_mined,274,240,514
59626f6f-cc07-42b1-af62-d5e0fad7cd47,mined__github_py23_5a30715aa19ba319,equivalent,train,real_mined,512,306,818
a33576dd-ca1a-4764-8ad0-ca20889cfe29,mined__github_py23_0cbc207f60aec73b,equivalent,train,real_mined,312,291,603
b0822dd6-cce8-487f-bfff-8c47cf6b1df6,mined__github_py23_ade176617474341f,equivalent,test,real_mined,884,849,1733
d64df3fd-485f-499c-9f18-67e851369020,mined__github_py23_2a773c9972ca5627,equivalent,train,real_mined,502,472,974
7dddb159-fb3f-458d-86c1-41ba4daf3a69,mined__github_py23_ff2b808efa551f4b,equivalent,train,real_mined,1004,647,1651
8b766fed-53fa-48f6-aa54-4a227e931afe,mined__github_py23_fe2cd02a3b6544a8,equivalent,train,real_mined,167,162,329
7eefdd1e-9762-4620-84d7-b496168f6792,mined__github_py23_492548823a34d7d4,equivalent,train,real_mined,119,81,200
c5565e90-c22a-4aba-8f1d-c725962d64c1,mined__github_py23_a27504262e5799fc,equivalent,train,real_mined,472,440,912
04bae378-a101-4e98-be19-161ab775de0e,mined__github_py23_126ca92e06ef8a9d,equivalent,test,real_mined,226,203,429
0eb26ee9-01cb-4f42-b46d-9cb876d7f2b3,mined__github_py23_2fe2076e3294de50,equivalent,train,real_mined,336,299,635
6c6a58ce-70a0-433b-872b-f1299cf31edf,mined__github_py23_118e174a3efac7ea,equivalent,test,real_mined,293,256,549
7596e21a-0464-4766-9ced-a47cd5254475,mined__github_py23_d593795caf48ad7a,equivalent,train,real_mined,114,70,184
a7f4cb2e-8afd-46d7-8187-f9c2eb39d223,mined__github_py23_7282e632f57d8b63,equivalent,train,real_mined,148,100,248
29060c31-3646-4a9e-9ddb-dbae43b0e463,mined__github_py23_b8e2265d53ef2eb9,equivalent,train,real_mined,244,194,438
a8fc0e68-0f8e-480f-9870-5960fa3b5015,mined__github_py23_10e9037b1ce4aee5,equivalent,train,real_mined,326,277,603
8300ef5a-9d28-481e-964d-55921b454935,mined__github_py23_792091f6f39020cf,equivalent,train,real_mined,214,172,386
04586bf9-18b0-44dd-9979-7379e347580d,mined__github_py23_c09bf49784ce49bf,equivalent,train,real_mined,1178,1167,2345
016a7426-2855-4a0b-a10a-30cb2eeaf753,mined__github_py23_7680e23f95528006,equivalent,train,real_mined,199,93,292
718c420e-c3c5-4f6f-b40c-d6a96f3c1aaa,mined__github_py23_0dc44ec435d7d917,equivalent,train,real_mined,257,208,465
8135b718-1f83-4261-bb02-7e5813c19ac9,mined__github_py23_99485696ad94d4b4,equivalent,train,real_mined,621,336,957
b8e0ffbd-df8b-4f0d-8a44-a1e06c1485b6,mined__github_py23_372594aea326384b,equivalent,train,real_mined,440,257,697
175b0893-0fea-4775-89ec-f847fbb443e0,mined__github_py23_9c09139f1fd4cca9,equivalent,train,real_mined,288,188,476
659c5635-67b5-4746-aede-db5b6960ce36,mined__github_py23_220f0ba07a258afb,equivalent,train,real_mined,618,281,899
4355f271-0d1b-47a1-8bdc-ce6855c3a022,mined__github_py23_a73b24f92d0c20ee,equivalent,train,real_mined,159,125,284
ef1db51a-6486-4cb4-a629-d8d2d8ddd0c2,mined__github_py23_086eb07e6da34e7d,equivalent,val,real_mined,613,483,1096
97c7af31-7b53-43a3-952f-d0f6ec636fb0,mined__github_py23_6ce99cddecb1a0c7,equivalent,train,real_mined,1637,1360,2997
3ba0ad1c-a9a4-43a2-8fe8-bbb8256eda46,mined__github_py23_47d71129dbec881a,equivalent,test,real_mined,291,208,499
ff158aeb-332f-457f-aa7b-80604aa015d6,mined__github_py23_0fba44c5ee7ec16a,equivalent,test,real_mined,756,681,1437
606ff0d3-6919-41ab-b859-0ba9143fcaad,mined__github_py23_30aad92d3a3bfdb8,equivalent,val,real_mined,603,545,1148
c02f1c7f-eff4-49bc-8163-63fa235a3c03,mined__github_py23_f00c1f518be02cda,equivalent,train,real_mined,477,396,873
b30b8244-4249-4cc8-9b9f-a0c0c12764bc,mined__github_py23_1d83d807e7df383b,equivalent,train,real_mined,171,168,339
b713017d-cea6-40dd-a883-8bbfa601f506,mined__github_py23_461f5ee536ce06bb,equivalent,val,real_mined,171,168,339
c834bf17-e05e-4b09-b204-c5f239ed1dc5,mined__github_py23_1065b07697a7d39a,equivalent,train,real_mined,433,435,868
afe2d2a4-efdc-4e10-994e-bda8998fee4e,mined__github_py23_815a650b3150c1c7,equivalent,train,real_mined,417,421,838
238efe64-197f-4aa3-9e25-2d42ed46861f,mined__github_py23_41c38604297cef5a,equivalent,train,real_mined,95,97,192
e1fc155c-b860-4374-b7f7-d039450c5ce3,mined__github_py23_ba472204f605f4e3,equivalent,train,real_mined,232,234,466
9ec6e24d-1790-4bc3-a0e7-4c9eb65e46ec,mined__github_py23_581053d6c68a7554,equivalent,train,real_mined,178,180,358
41211f61-41c0-4a0f-96ef-454e725b0fb7,mined__github_py23_9d7af4f18061d58a,equivalent,train,real_mined,43,45,88
573dd00e-7034-4f08-85af-2ec6d94c6951,mined__github_py23_0f2e336c64328948,equivalent,train,real_mined,732,731,1463
0d283dee-e293-494a-b235-cafa88602224,mined__github_py23_ca2356bc051726a4,equivalent,test,real_mined,218,133,351
0709a055-31cc-4341-8655-152623d6c551,mined__github_py23_7772a76194a39400,equivalent,train,real_mined,329,249,578
86212798-4c94-4eb7-b2da-929870a4acbb,mined__github_py23_0599c01d84a6c605,equivalent,train,real_mined,306,305,611
44e1201a-3448-4034-b92a-2f259849100e,mined__github_py23_d27e569045e7f751,equivalent,train,real_mined,694,689,1383
f30697f7-f68f-4194-9bcd-cbdd09f81f99,mined__github_py23_a55154bf573fb8c7,equivalent,train,real_mined,152,146,298
705c6a14-1f93-4922-bc89-017fe8eede65,mined__github_py23_fe6228a697eb9e84,equivalent,train,real_mined,662,514,1176
41b60230-4236-4e37-b496-2cd332ac76a0,mined__github_py23_97e1af841f04203c,equivalent,train,real_mined,808,782,1590
4b8f670e-a374-4857-932a-a3f046488e5a,mined__github_py23_706f5bcc68fa4d69,equivalent,train,real_mined,100,98,198
490f1fcf-4d44-4a9b-bd49-2433cf10adab,mined__github_py23_b4a6ee02252e45e7,equivalent,train,real_mined,99,97,196
e5fcdf4c-6719-464f-bab5-fd67d1215c0a,mined__github_py23_57beb4a28c6fbc8e,equivalent,train,real_mined,952,622,1574
7e923e98-875d-4cbc-beed-ab5e694b54cf,mined__github_py23_88a060f8ab66a9b3,equivalent,train,real_mined,115,115,230
69fbbbe5-0287-4659-a89e-bb0affca7e87,mined__github_py23_e9d61a94841ea11c,equivalent,train,real_mined,171,171,342
99ee621b-00ed-4690-84b1-b2bc212cd7f5,mined__github_py23_9083c02b42079065,equivalent,train,real_mined,163,163,326
8cf041b2-7581-489c-ab52-2a6235c575f0,mined__github_py23_f701784f49eb3f6c,equivalent,val,real_mined,136,136,272
7cea30b4-2181-4aea-8a21-0ae24c53f87d,mined__github_py23_6351d7a3b45ee613,equivalent,train,real_mined,124,124,248
82c696c3-cf78-47b8-8f82-5da3576f4765,mined__github_py23_167c13f9522dbd10,equivalent,train,real_mined,221,221,442
122bfede-b277-4e23-bea1-506478bfbd4f,mined__github_py23_35d80242eaeb51a6,equivalent,train,real_mined,228,228,456
27e15b29-95de-4bdd-9787-d1532a7a46bb,mined__github_py23_e1a965ec0966ea85,equivalent,train,real_mined,235,235,470
e777eace-06b3-466d-b387-e2799b8c64d2,mined__github_py23_3c466b86f795bebc,equivalent,test,real_mined,284,284,568
10486a1e-11c6-4b92-be46-0a44809b526a,mined__github_py23_b79f0be7754db691,equivalent,train,real_mined,113,113,226
39f68c82-7d40-4c50-a122-ef459cb803b3,mined__github_py23_4213c2fe03c85eeb,equivalent,train,real_mined,290,295,585
e29772e5-8fb4-4c36-a631-0e71d4d478fc,mined__github_py23_08f07086bc8db19f,equivalent,train,real_mined,208,208,416
764312ec-4f93-499d-9b07-02505ebce7f3,mined__github_py23_a00323abc7c80466,equivalent,train,real_mined,208,208,416
55f81a1c-72a7-4179-96d7-c95d7f8cecea,mined__github_py23_f9afc7e5e49485b0,equivalent,train,real_mined,149,149,298
a5b1845c-c363-4a19-90bd-a9b89369bd2c,mined__github_py23_2c8ebac4639aae79,equivalent,train,real_mined,270,270,540
5801af93-5287-4c03-8e06-22056b3c5a28,mined__github_py23_17d226a6a6f3bd17,equivalent,test,real_mined,37,37,74
067cf8b4-700c-4679-9f87-8cef6c729e86,mined__github_py23_481d93c248200725,equivalent,train,real_mined,65,65,130
425076f5-a99a-434c-a966-dfc79338e3fc,mined__github_py23_760bc5a5e6a58346,equivalent,train,real_mined,146,146,292
bd633fbe-2f86-4bae-82de-f7c38dcfac7f,mined__github_py23_42eeaba0588bb89d,equivalent,val,real_mined,219,219,438
be7cbadd-df68-4a90-b89c-98cbbe63723b,mined__github_py23_ca9abb7faccfb5db,equivalent,test,real_mined,182,182,364
cfff0a75-d6f1-49b0-b62e-d2c14afe065f,mined__github_py23_b5285873610f5427,equivalent,val,real_mined,89,89,178
415d85d9-53d4-4e60-b4f0-0f7ee048f1d5,mined__github_py23_86e8187e91803f2b,equivalent,train,real_mined,114,114,228
20ee75d8-2a46-4b7d-bb93-7427049f2563,mined__github_py23_1a061ba3ffad77d2,equivalent,train,real_mined,99,99,198
e4f11162-1835-4214-be05-4bf339c3ea9b,mined__github_py23_883825854211a42c,equivalent,train,real_mined,109,109,218
a8399c8c-f45e-492e-ac00-c1fbdbdc04c4,mined__github_py23_c00cb8773351fe46,equivalent,train,real_mined,187,187,374
464cb0f7-7308-4cbc-82ed-09cbd96ed137,mined__github_py23_f550fb29f72b2809,equivalent,train,real_mined,159,159,318
17ed4104-98ab-466c-a551-6f64bd6f4d30,mined__github_py23_ab67542253616c38,equivalent,train,real_mined,305,307,612
07afdb72-7c7e-4ed8-ac84-cf2069e48d81,mined__github_py23_4523b35bf8c2a9a8,equivalent,train,real_mined,78,78,156
4de8fe63-1db5-4183-8d6d-c284d12bf06d,mined__github_py23_f73405490f0039e9,equivalent,train,real_mined,111,111,222
ae9da521-2824-48db-9034-b751823af6e7,mined__github_py23_5d147705bff4ea04,equivalent,train,real_mined,499,499,998
472ffe22-7d51-4feb-9bcc-a706cb17fd84,mined__github_py23_ba84f183c0e97ad8,equivalent,val,real_mined,407,407,814
60e928aa-b601-4808-8b6b-dfc4036652fb,mined__github_py23_aee73feccbbad059,equivalent,train,real_mined,320,320,640
66e0c228-3074-492c-b84c-86406c029917,mined__github_py23_dda88131ededf09d,equivalent,train,real_mined,547,547,1094
021d0365-b403-4faf-8a5d-c1f79279e53f,mined__github_py23_c8cb0b927c0ad0f8,equivalent,test,real_mined,206,206,412
9744afdf-fb5b-4bf6-80fd-f4fb81a6d22b,mined__github_py23_e4f59c5d3dcda6aa,equivalent,train,real_mined,199,199,398
40f6900a-f761-4122-998c-29176575cfd0,mined__github_py23_08661473dd9827e1,equivalent,val,real_mined,273,273,546
69a93a74-8889-4181-ab6c-dbca2f6212e1,mined__github_py23_0eca7548cbea8bf5,equivalent,train,real_mined,194,194,388
a0702c88-2d93-4e5f-b2e2-e4ba3a4f5de7,mined__github_py23_e6f1c08f15180a3a,equivalent,train,real_mined,195,195,390
97514ed2-22b3-4021-a8bd-49a5a2f46a24,mined__github_py23_bd12d223bf45aedd,equivalent,val,real_mined,262,262,524
00da3de3-98f5-407e-9979-0b3ece15fe1a,mined__github_py23_4ebdf0f0dd6928f1,equivalent,train,real_mined,351,351,702
88f6dc3c-9c7a-47d0-9b2a-ac1665b160d9,mined__github_py23_97458e9c7b923b32,equivalent,train,real_mined,181,181,362
3655d1de-3edc-48e1-b033-cabf11dbd422,mined__github_py23_15b4abb1227a41ab,equivalent,val,real_mined,331,331,662
208b9aae-2238-4ce4-b995-c6815d10c323,mined__github_py23_91a95b4cf1813042,equivalent,train,real_mined,359,359,718
79e22ef7-5a65-483e-b435-f57c8ffde04a,mined__github_py23_47786e380f9690e2,equivalent,train,real_mined,183,183,366
0fde08d7-ae1d-4438-9214-9a2d8afc28a4,mined__github_py23_a3ef94e778426c86,equivalent,train,real_mined,387,387,774
72070a74-87ac-4596-9497-b798e3a96fd5,mined__github_py23_43a6eec46efbb5b9,equivalent,train,real_mined,660,660,1320
15a708d0-c8e8-4364-8496-3843fba4b853,mined__github_py23_63a23b8c3503d24b,equivalent,train,real_mined,828,828,1656
a9bafeb7-d10b-4cc3-aa57-87f5799d9551,mined__github_py23_1d4c921106bb892d,equivalent,train,real_mined,46,46,92
8c43e413-8476-4b86-b6c3-a13d3bf7dd0c,mined__github_py23_64cc026d63128588,equivalent,val,real_mined,98,98,196
abdb470f-32c0-41eb-b7cd-5afc212955f0,mined__github_py23_9bea0d8a3e58230e,equivalent,train,real_mined,86,86,172
420ef709-e1a9-4d6b-935a-db1f23e36292,mined__github_py23_171c7a2c9fbfc6d0,equivalent,train,real_mined,74,74,148
ca251d29-f1a3-4ede-9d07-09dfa9374bb2,mined__github_py23_a92f31ff3869ffba,equivalent,train,real_mined,51,51,102
111c8145-6df8-4e9e-979a-f8ccdab88286,mined__github_py23_aebc93a21faaec2d,equivalent,train,real_mined,48,48,96
c3f6fb36-b695-4e58-b14a-b0f8541bab9e,mined__github_py23_1fe3a4a39f23eef8,equivalent,train,real_mined,75,75,150
4ce97402-00ec-48a9-9f73-271aca6fb6cf,mined__github_py23_b4b1418642d49dbd,equivalent,train,real_mined,136,136,272
9a9cf97a-62ea-4b07-99b3-83a254826e69,mined__github_py23_e82dbdbc88ed03be,equivalent,train,real_mined,108,108,216
6581fdce-6464-4fe1-ac3e-e065549dd875,mined__github_py23_fa331278467d7b72,equivalent,train,real_mined,96,96,192
5b66d983-a0a5-4123-a8d3-0b58852e8a3a,mined__github_py23_aa7076b8e43b9e50,equivalent,val,real_mined,146,146,292
2db34931-4443-493c-a8a8-85d4db0e1bfc,mined__github_py23_ef19ee2d20b56035,equivalent,train,real_mined,279,279,558
ef4a35a4-74dd-4263-8658-ed174be80442,mined__github_py23_82dacd2b41c442c1,equivalent,train,real_mined,199,199,398
bbfbbb77-b7d7-4e88-ad7f-673736035ef7,mined__github_py23_6df6df745d634cad,equivalent,train,real_mined,106,106,212
859054fd-7cb0-4d11-b16d-a1a934b1e15a,mined__github_py23_22fba2b3232f2777,equivalent,train,real_mined,81,81,162
dfc47685-56fe-4a74-82d1-893b7d6c09b6,mined__github_py23_d2f574f891697e5c,equivalent,val,real_mined,109,109,218
51a5eecd-0c3d-4368-be9e-f32c8c26e88c,mined__github_py23_ef5b48558c6b3484,equivalent,test,real_mined,83,83,166
fb0ac949-0de6-46f0-afbd-1f5b9ccda3fa,mined__github_py23_83b9025cc0db52da,equivalent,train,real_mined,72,72,144
c75b5406-1bdf-4c03-ae80-9c2482fee13d,mined__github_py23_ecd4be0890a95e8e,equivalent,val,real_mined,106,106,212
97113168-cd24-425e-b825-51d79fffd25e,mined__github_py23_6f515d20cec0bcd2,equivalent,train,real_mined,93,93,186
0b3c6cf4-a743-429d-9286-c3f48a4641a4,mined__github_py23_70f25595d4eb55a1,equivalent,test,real_mined,151,151,302
cbea5b90-c4e2-4c0d-8528-d0b25ce8c0bd,mined__github_py23_ffcf78da19c019d7,equivalent,train,real_mined,172,172,344
b152a882-fbcc-4d3b-acd6-327b4893d9ce,mined__github_py23_753a1b3d4dc1558c,equivalent,train,real_mined,241,241,482
1678427c-dd6d-4f68-9eba-2c7827f6e6e8,mined__github_py23_47230bd7549e69d5,equivalent,val,real_mined,45,45,90
8c05ffde-2f4a-4acf-87b4-60287208d312,mined__github_py23_9caab311503e057f,equivalent,val,real_mined,37,37,74
2c8c80b9-f459-4665-9e5d-1cb6998b01ff,mined__github_py23_19b55a20b9cc5f1f,equivalent,train,real_mined,73,73,146
3c438076-7362-4535-b482-47869eab35c9,mined__github_py23_a4adbcefee463847,equivalent,val,real_mined,111,111,222
c41535dd-2eee-44f0-846c-6e8eaad01ab4,mined__github_py23_5b58fca9ad26cc9e,equivalent,val,real_mined,99,99,198
f929fbfa-4194-45f6-bd0d-237f99c143f4,mined__github_py23_bb1ee6a56aeeabfa,equivalent,train,real_mined,106,106,212
34275c90-c571-47db-a2dc-a9a2220a35e8,mined__github_py23_5ed74d447e01989a,equivalent,test,real_mined,81,81,162
16b778ed-5c24-4024-892d-b66163809af5,mined__github_py23_76b9c82322efac3b,equivalent,test,real_mined,102,102,204
5508ca37-0b90-4bdb-9a71-47471d5efe02,mined__github_py23_3275534e0d2f655c,equivalent,train,real_mined,103,103,206
06141418-26b2-469c-8daf-073425c55d9d,mined__github_py23_1b78cfad4bf94cfa,equivalent,val,real_mined,94,94,188
d6a7cc2c-66a2-4579-aa91-f09483959eff,mined__github_py23_4bb2331a28b6a398,equivalent,val,real_mined,152,152,304
d3d94b18-5e39-40ab-9b8b-d8a8b5fc6636,mined__github_py23_c5ee995b989dbd37,equivalent,train,real_mined,134,134,268
622a161e-ba5d-40b3-93fc-f77ac175ec9c,mined__github_py23_f9637d847708bb53,equivalent,train,real_mined,218,218,436
863b71ac-0412-483e-90d4-7ece253b02f9,mined__github_py23_6b491828fb881611,equivalent,train,real_mined,199,199,398
138f47f4-d62c-499f-8316-08aa66553f99,mined__github_py23_8fb17b741d370e35,equivalent,train,real_mined,108,108,216
00538a50-3189-4fda-8e28-31db1009d168,mined__github_py23_377c6f2a1a458350,equivalent,train,real_mined,117,117,234
83ef625a-6f3a-425f-936d-9b10f093b75c,mined__github_py23_61ef66ad8409477e,equivalent,train,real_mined,421,421,842
cfeef3cf-de0b-4d22-a144-a5e3448711f2,mined__github_py23_e25760e45298775e,equivalent,train,real_mined,177,177,354
de6c6644-06ca-4cf0-b26e-13e40e039f68,mined__github_py23_741dfc22e201a651,equivalent,train,real_mined,189,189,378
94fcd6f0-b3c3-48e7-a07d-3bb57872f33d,mined__github_py23_d59190b17f69a259,equivalent,val,real_mined,177,177,354
4d4cd0e2-dec3-43e3-8f52-3c7e28ee4aeb,mined__github_py23_668846a0d7c2ce67,equivalent,train,real_mined,369,369,738
12af78e4-bc40-4c76-be9a-160c9314a5f6,mined__github_py23_5a62ba44590a4f70,equivalent,train,real_mined,306,306,612
10cb5b53-a04e-4f7b-9e90-bbb0f2d3f962,mined__github_py23_94d88e298aa9e0a8,equivalent,train,real_mined,378,378,756
170020b2-b37e-4395-b98a-16cb4972b264,mined__github_py23_33d6e7427f5fddfe,equivalent,train,real_mined,382,382,764
ba71330c-db01-4483-9e80-222b95ef04ef,mined__github_py23_98550c8022b33445,equivalent,train,real_mined,70,70,140
143f2666-7e57-4d90-a567-3c2e413b5b7d,mined__github_py23_dfba07456579c7fa,equivalent,train,real_mined,536,542,1078
ba1c2682-00ee-4ada-83a8-3628d30abf8b,mined__github_py23_2161d3c8c0bd5112,equivalent,train,real_mined,170,170,340
3a43e729-00a3-4a99-b479-1ec1aef76045,mined__github_py23_562246c700b9948d,equivalent,train,real_mined,162,162,324
7b1cd71d-ee3a-41bb-91e9-8381dfb5a02a,mined__github_py23_38c7804ab51333e8,equivalent,train,real_mined,533,533,1066
91510879-e983-4fad-bcca-a32f65be7e0a,mined__github_py23_61bc79ef76249b59,equivalent,val,real_mined,98,98,196
fee8bcc8-ccf9-49c3-b66c-f774c81d8a74,mined__github_py23_3cf026af36154514,equivalent,val,real_mined,253,253,506
e35b3327-e831-4bdf-ac07-8e0b1e4b4a55,mined__github_py23_445a05a5c907c054,equivalent,train,real_mined,346,346,692
a342dc96-d4de-47ba-8134-8e4347d9b898,mined__github_py23_0bb38380b76ba076,equivalent,val,real_mined,125,125,250
dc1b4186-6de8-4ce1-8a0f-82a8c0e904ed,mined__github_py23_804f04de65739059,equivalent,val,real_mined,328,328,656
da5be8b1-b1fc-43eb-b428-27793c98064a,mined__github_py23_1e998f132b882108,equivalent,train,real_mined,335,335,670
48454bc9-b948-4fe2-a707-032860e1fc28,mined__github_py23_bda2ebe43716097b,equivalent,val,real_mined,126,126,252
b79d836c-6aca-4113-9095-e96946b67101,mined__github_py23_45812f66e3bf66a9,equivalent,test,real_mined,242,242,484
244ae50f-66e4-4025-87e9-67975716c9ff,mined__github_py23_e300f93bedae7ce7,equivalent,test,real_mined,320,320,640
e696f311-aaaa-4bfd-aaf7-c3ce1fd7accc,mined__github_py23_d25b2a3aea7c5bf0,equivalent,train,real_mined,319,319,638
fd82b0e0-a44b-4ba4-b74c-33038d2b4816,mined__github_py23_a73106e0905c255e,equivalent,test,real_mined,438,438,876
e54a9e67-4b2d-452f-a819-df844c9e9008,mined__github_py23_89e6e27cc465641e,equivalent,train,real_mined,310,310,620
a4e10f7c-6a4e-4e9b-9c27-ba991ef32d5c,mined__github_py23_726ae286ca504017,equivalent,val,real_mined,71,71,142
925157be-d16e-48a0-a7c3-8081800a9b4f,mined__github_py23_2aa34fd3ceca9b9a,equivalent,train,real_mined,278,278,556
1f0dcac2-53d3-4b42-ae8c-784f9392e7b2,mined__github_py23_2739704bb3ea4346,equivalent,train,real_mined,109,109,218
70ea594a-815c-49bf-b36c-97d7df3fd756,mined__github_py23_e23ba28af98711f7,equivalent,test,real_mined,247,247,494
2c9b3b49-2328-4853-a122-65d6fe23598a,mined__github_py23_406cbbaff2137f23,equivalent,test,real_mined,329,329,658
63b3565d-9744-48a1-8d20-4d261f1de107,mined__github_py23_de25447a54f044c0,equivalent,train,real_mined,128,128,256
da30f778-e1e5-471a-968c-e215a421f1cc,mined__github_py23_f978b4bbf63f8391,equivalent,val,real_mined,245,245,490
275bb6ba-c873-46c5-aaf7-8913012003da,mined__github_py23_f2da4045f4e4a908,equivalent,train,real_mined,205,205,410
11f28b93-aa89-44c2-b82e-a8c42dcb0068,mined__github_py23_a90b961e6f85136a,equivalent,train,real_mined,124,124,248
b07f34d6-eff1-4655-8542-e71cf6f3e7df,mined__github_py23_863b8e1b25cd9e7f,equivalent,train,real_mined,174,174,348
41e855b0-27a0-4538-982e-a9538e6dffcc,mined__github_py23_6af52bb63564fda8,equivalent,train,real_mined,229,229,458
09f9a14a-0115-453a-b989-1e97a6087e2d,mined__github_py23_8b8abdfcde145ccf,equivalent,test,real_mined,249,249,498
c5597049-43b9-4c44-9762-94dd822125f9,mined__github_py23_d4b93169162859e5,equivalent,val,real_mined,263,263,526
cc29bf26-da59-4698-b33d-90c71e5422aa,mined__github_py23_8807d1efb3dba8aa,equivalent,train,real_mined,158,158,316
3e0662fb-5e64-4ad3-8c27-2d2ef3f3d668,mined__github_py23_b08558129f08adb1,equivalent,train,real_mined,96,96,192
623d3d30-2ecb-412e-a05d-c4fb13c5ca6a,mined__github_py23_42a0e0f48b712dec,equivalent,train,real_mined,341,341,682
53feb32f-af3d-4922-9479-bb8523fc8991,mined__github_py23_34b8713d388d37b6,equivalent,train,real_mined,312,312,624
2adb961f-c796-430f-a01f-8fd7350786fb,mined__github_py23_2559304a4c99cb32,equivalent,val,real_mined,155,155,310
3bee70ea-70f0-4000-9afc-3eb33ea22101,mined__github_py23_6befe4004b728781,equivalent,val,real_mined,191,191,382
099eebf8-d448-447b-acc4-feded20b0eaa,mined__github_py23_5a755b36b1f93cdd,equivalent,train,real_mined,392,392,784
d657a76e-f86d-42b3-80ab-7ffcc27204aa,mined__github_py23_05c6aa914bd33a90,equivalent,train,real_mined,313,313,626
7911cb85-7e4c-4d60-83b4-5984a046b6e5,mined__github_py23_3eb1efbaae5ddeb7,equivalent,train,real_mined,622,622,1244
5c47a636-d406-4b8c-b9b5-d5c00b4276a7,mined__github_py23_5446b12b99c76812,equivalent,train,real_mined,733,733,1466
0871f4f6-9262-434e-be6a-fcffd4fe2ca2,mined__github_py23_a0b6435256b825a4,equivalent,train,real_mined,697,697,1394
f6babc9d-b925-4cc8-9fcf-1fc71d852942,mined__github_py23_a6a8518f430cfcc3,equivalent,test,real_mined,347,347,694
d564ab6c-1e24-4340-8dbf-ae5950d64052,mined__github_py23_d9cdbaa556ae3fd3,equivalent,train,real_mined,493,493,986
32530f1b-9f7e-49f0-8282-945efaf01792,mined__github_py23_4f85e7789ad9d0e5,equivalent,train,real_mined,513,513,1026
4303b6a0-3edc-4b9e-8f4d-99ec13d23e75,mined__github_py23_4b437b89f9d0476e,equivalent,train,real_mined,361,361,722
865b10c5-87cf-4c50-aa34-3cf5c6707c3a,mined__github_py23_2471c324eff0d065,equivalent,train,real_mined,320,320,640
4ffc5a12-5ec6-4543-9ac2-dfffd926b662,mined__github_py23_409055a02ed768bc,equivalent,test,real_mined,315,315,630
df4e9482-7627-44db-af74-c15f931e075c,mined__github_py23_29fa9ff144335c42,equivalent,train,real_mined,496,496,992
a8b5fffb-3399-4615-91fe-f96fe4b5971c,mined__github_py23_1d59f82bd96af8dd,equivalent,train,real_mined,467,467,934
61802f63-0f18-4155-9b45-5f5956fc92a6,mined__github_py23_d9b723fcf34d5f98,equivalent,train,real_mined,216,216,432
2d371ea5-4f9b-4c74-b257-54138282d610,mined__github_py23_47b4e96966df0455,equivalent,test,real_mined,142,142,284
a94e2802-90a0-4c0f-a9f2-d464957921d1,mined__github_py23_114ad11735c85f8d,equivalent,test,real_mined,310,310,620
104de54b-5ad8-4887-a82f-06566b1aeea3,mined__github_py23_201b95c42c4ae28b,equivalent,test,real_mined,192,192,384
c76141ba-91b3-4645-9d7f-6a5041d00daf,mined__github_py23_8342b585ae52b9a8,equivalent,train,real_mined,332,332,664
653485f3-0c67-45f4-9554-e1c0126abb03,mined__github_py23_7f4132023c57c627,equivalent,test,real_mined,267,267,534
028e4cee-c646-4c5a-b807-f834031e8fb5,mined__github_py23_2d35fcfcd69c4f06,equivalent,train,real_mined,257,257,514
0c9213b1-334a-433a-a124-ed88c71d3636,mined__github_py23_b8e4fc4fdd234534,equivalent,test,real_mined,100,100,200
b3d63d47-f7d0-4030-82d3-d0ea7a0ae939,mined__github_py23_cf4dd7c6e76a8b74,equivalent,val,real_mined,134,134,268
8cf8ea5c-4a88-4e55-8d54-5451728df6b0,mined__github_py23_b83a0ead14790288,equivalent,train,real_mined,131,131,262
d173c042-5356-47f6-a7f5-583662b20504,mined__github_py23_68f7b1c1c2cb8bd1,equivalent,val,real_mined,410,410,820
96482390-40d8-4e81-a49e-7f652ebab93a,mined__github_py23_65b73e1d41890896,equivalent,test,real_mined,109,109,218
d4e76d57-d7d6-47ed-8764-7aedeba74ed7,mined__github_py23_b02b3c5606315859,equivalent,train,real_mined,156,156,312
1363be6a-fa4d-4165-bd0b-4a2d1a8ede6c,mined__github_py23_c9d5bfa2bc6a033d,equivalent,train,real_mined,105,105,210
1e11c511-a918-45e3-a24f-7dcd9b6c3559,mined__github_py23_f863b1be99c2d31d,equivalent,train,real_mined,203,203,406
7a078e40-9a8b-4927-b2a0-dbebb8eca10b,mined__github_py23_04099221c061807e,equivalent,train,real_mined,241,241,482
e6c105e4-2225-476f-9160-da9c8e4b7eca,mined__github_py23_cd35c90b41ac798d,equivalent,train,real_mined,164,164,328
68dd1915-ceba-479d-a6d5-1e6c58eb00ba,mined__github_py23_cdb1369dd9a520a9,equivalent,train,real_mined,88,88,176
9a9a9f7f-6986-4e4b-b13c-4137fd807b4a,mined__github_py23_a5046681b61f9ff9,equivalent,train,real_mined,221,221,442
eabca222-9b6f-4dd3-90f5-9eee1f19435d,mined__github_py23_a99a109ecebe1ca2,equivalent,train,real_mined,174,174,348
f33f10d5-dfd6-4501-a3fc-f349d263361a,mined__github_py23_5d6966b256251320,equivalent,train,real_mined,110,110,220
ccbcad21-f6bf-4284-80f2-21919f884b84,mined__github_py23_b35594b70585f167,equivalent,train,real_mined,115,115,230
16637cc4-fe8e-423b-8f6e-a01075cef347,mined__github_py23_95c906f83fc9d4fc,equivalent,train,real_mined,314,314,628
cfdbb703-1db2-49b1-a252-99ce2cc48cf0,mined__github_py23_979455e2cc16bdcb,equivalent,train,real_mined,150,150,300
7b4c0d29-7104-4829-b93e-30d23a925a13,mined__github_py23_af625db57d479be5,equivalent,train,real_mined,112,112,224
f6fd873f-8609-48be-b764-e8ae86a44165,mined__github_py23_51c1c6b28c89ec73,equivalent,train,real_mined,149,149,298
cf68313b-f1a8-4ef2-bbf6-35652c8861b4,mined__github_py23_2d71af6b4b0201f9,equivalent,train,real_mined,106,106,212
02cb3580-6134-45a7-b6ef-decd39e23f4b,mined__github_py23_5ead59b74047a955,equivalent,val,real_mined,344,344,688
d1a30479-1c3f-454c-86c5-6c13cfdd209e,mined__github_py23_3ef11a6d130255c1,equivalent,train,real_mined,248,248,496
7b813b0b-815f-4948-bbd7-32f0c5c189af,mined__github_py23_a6a7c0926c12e3e5,equivalent,test,real_mined,49,49,98
49659b7a-2ea1-44bd-8b9d-beb5cc4a041a,mined__github_py23_9ee4bce5fb2b8b88,equivalent,test,real_mined,50,50,100
2e099d89-017b-4f8c-968f-01359184f840,mined__github_py23_edabc464891b146e,equivalent,train,real_mined,80,80,160
73bb2b46-cf73-4faa-82f8-80e86afa5f85,mined__github_py23_9fce5403609346fc,equivalent,train,real_mined,56,56,112
4b7ff91d-53e6-4bcb-97bc-4c392e55bc73,mined__github_py23_8ec786fc91a0f765,equivalent,train,real_mined,103,103,206
a771de0c-b2ce-40c3-9c1c-858211c9752f,mined__github_py23_272180831a7cce89,equivalent,test,real_mined,274,274,548
f859ff9b-8c2a-48e1-bbb2-d649606f5b44,mined__github_py23_7f06959aea44ac9b,equivalent,val,real_mined,343,343,686
96044a26-4b19-4a27-bfa8-18e208f6860e,mined__github_py23_ff0de6a9e076b4e6,equivalent,train,real_mined,978,978,1956
3b223d9d-bf51-4ae3-9e6c-eaf0950e4766,mined__github_py23_70d8694b17c0c1da,equivalent,train,real_mined,303,303,606
997428d6-5ffd-4f32-a17f-3cfedcb68027,mined__github_py23_3c317053a7805fc6,equivalent,train,real_mined,345,345,690
8fa8fb34-cfa0-4a50-861d-d3d66782aec3,mined__github_py23_fe18e1dbc7dacd15,equivalent,train,real_mined,1407,1408,2815
06e237b6-6245-4290-b4ac-e5a41cf6797c,print_statement_01,not_equivalent,train,mutation,17,16,33
e83d75d5-65b1-4269-a640-9150fc8e9270,except_as_01,not_equivalent,train,mutation,51,51,102
4aa0d01c-0c45-498c-bd5f-87c8ab3b109d,except_as_01,not_equivalent,train,mutation,51,51,102
9d9a9aef-c064-4884-9a4c-402792e0a96e,unicode_str_01,not_equivalent,test,mutation,24,23,47
7242e8fe-623b-4fc2-b6ad-b2181f6f9288,has_key_01,not_equivalent,test,mutation,22,15,37
17bd4766-b330-4c2f-aacf-85e38fd1cac3,next_method_01,not_equivalent,train,mutation,26,26,52
0534b045-31f4-4215-9001-34875ea05067,raise_syntax_01,not_equivalent,train,mutation,40,39,79
ab32d9c5-aec2-4bf5-8963-d3492d3ac5ae,sorted_cmp_01,not_equivalent,test,mutation,30,35,65
be5b7386-55b3-4476-b6d5-c12c2fec7339,basestring_01,not_equivalent,train,mutation,23,21,44
31e78f1f-7c2b-4504-a57f-7ebb52b480b5,long_int_01,not_equivalent,train,mutation,18,18,36
afc32dab-2ec3-4dc8-8ca5-f365178b3e84,urllib_import_01,not_equivalent,train,mutation,31,32,63
c2f4fd80-fdec-42f9-8419-8633a73d7d3a,stringio_01,not_equivalent,train,mutation,44,42,86
747bf923-1ee5-4b66-afec-33d25f5e265d,input_raw_input_01,not_equivalent,train,mutation,27,21,48
75f77910-924d-4703-86d5-3ca8ac4c42fe,exec_statement_01,not_equivalent,train,mutation,17,19,36
00c80650-a85a-41bb-86be-ce8bee2d6bdb,mined__github_py23_fea5b2c6db74a4d9,not_equivalent,train,mutation,971,883,1854
520068fa-32a0-4b88-b68e-420364014e52,mined__github_py23_fea5b2c6db74a4d9,not_equivalent,train,mutation,971,882,1853
5090e677-bef1-4ae4-b4ba-713212736ffa,mined__github_py23_e14435df73685e85,not_equivalent,val,mutation,1154,1113,2267
25416873-8a83-4517-8bb9-748b0b4a41ae,mined__github_py23_fa5d4b926242ef70,not_equivalent,train,mutation,240,178,418
354b46a8-4fad-4b79-8170-2016d4f6b3e7,mined__github_py23_a7028b7606e9a577,not_equivalent,train,mutation,305,278,583
127cafe6-1862-482b-ac9a-17149bcabbc7,mined__github_py23_12d484075c40e123,not_equivalent,train,mutation,687,609,1296
3e73c4ba-483d-4969-a29e-4e76f7cb5c07,mined__github_py23_78c3141b831cd1ba,not_equivalent,val,mutation,134,83,217
4e259495-2a70-481a-b34c-fcd9ab7a78f4,mined__github_py23_f2dcd767f9d15aee,not_equivalent,train,mutation,434,378,812
b90974e6-e27a-44c5-b543-5f07229f25c5,mined__github_py23_911c259f7108f81f,not_equivalent,train,mutation,268,212,480
13889a07-f0f6-44f2-8edf-c64d9d92ea19,mined__github_py23_244953afef81edd2,not_equivalent,train,mutation,513,444,957
860071c4-c4d9-4184-8cab-011922167ee4,mined__github_py23_72cb472888f5e754,not_equivalent,test,mutation,138,87,225
b524f4cc-9757-4e07-a47c-3379303cd20f,mined__github_py23_6a40a8596538dad6,not_equivalent,train,mutation,631,334,965
0b7845b4-fa50-4d26-baad-44603734514e,mined__github_py23_01238bf196ee31bf,not_equivalent,train,mutation,811,708,1519
74017a00-713c-4c1f-9474-18bb685875c0,mined__github_py23_6ce99cddecb1a0c7,not_equivalent,train,mutation,1637,1360,2997
24e6c99a-cab9-4b9d-8c87-4590bf8fceb2,mined__github_py23_1d83d807e7df383b,not_equivalent,train,mutation,171,169,340
12f75051-e3a8-44bd-9036-b25e3c2f4141,mined__github_py23_461f5ee536ce06bb,not_equivalent,val,mutation,171,169,340
1d4baff7-13fc-44fa-ac26-d6ec216f61bf,mined__github_py23_0599c01d84a6c605,not_equivalent,train,mutation,306,305,611
6eb82927-7333-4fd8-98eb-0b5b40e7461b,mined__github_py23_fe6228a697eb9e84,not_equivalent,train,mutation,662,514,1176
30aa5346-37f8-445d-a40d-9efb5a7ce6e1,mined__github_py23_804f04de65739059,not_equivalent,val,mutation,328,329,657
936abfdc-a6da-4099-86d3-12604166b63b,mined__github_py23_804f04de65739059,not_equivalent,val,mutation,328,331,659
60cc5162-6d72-4bda-80f5-59a470be64a5,mined__github_py23_804f04de65739059,not_equivalent,val,mutation,328,326,654
917343e1-71da-43be-874d-3c559f3d67d2,mined__github_py23_1e998f132b882108,not_equivalent,train,mutation,335,334,669
900479c0-f07c-49af-8568-42fcfdb67d9f,mined__github_py23_bda2ebe43716097b,not_equivalent,val,mutation,126,127,253
d2650df8-7426-4f3d-9985-139eb44bd618,mined__github_py23_a73106e0905c255e,not_equivalent,test,mutation,438,440,878
60ac959c-4c82-4474-a6ad-afe2b9275eff,mined__github_py23_406cbbaff2137f23,not_equivalent,test,mutation,329,328,657
1a428cfd-03fb-45ca-9376-34aecd1094a6,mined__github_py23_de25447a54f044c0,not_equivalent,train,mutation,128,129,257
5eb7ee15-6577-43dc-9123-74eb90eff2b6,mined__github_py23_272180831a7cce89,not_equivalent,test,mutation,274,275,549
fe9cb793-e4e3-4724-8f0a-63020d78a234,dict_iteritems_01,not_equivalent,test,generic_mutation,52,51,103
3864d4af-d513-4b34-bfcd-602f1dbae02a,dict_iterkeys_01,not_equivalent,val,generic_mutation,48,47,95
aa3314f2-6c7d-4c3d-86b5-b559886e3293,except_as_01,not_equivalent,train,generic_mutation,51,49,100
7bb745ef-8ffa-47c1-91c9-1112057842be,division_01,not_equivalent,train,generic_mutation,15,15,30
5dec26d6-d06f-45c9-92d4-cff1de343318,division_01,not_equivalent,train,generic_mutation,15,13,28
9d697711-2320-45c2-99b9-e508a08bab50,xrange_01,not_equivalent,train,generic_mutation,45,45,90
b9297a07-897e-4faf-ae22-f3bd26c53e45,xrange_01,not_equivalent,train,generic_mutation,45,44,89
20805b40-b672-4f70-9da3-60fcf83d8466,unicode_str_01,not_equivalent,test,generic_mutation,24,15,39
b0c28ae8-7d33-43b6-a70d-ff861e0395ff,map_list_01,not_equivalent,train,generic_mutation,35,37,72
8d1e39d2-6508-441a-adae-ac16aeedda38,map_list_01,not_equivalent,train,generic_mutation,35,34,69
019d4213-01d4-4835-bbb9-6e837009c4a9,has_key_01,not_equivalent,test,generic_mutation,22,15,37
e9c9943e-5da0-454e-ba62-024b8ef6b16f,next_method_01,not_equivalent,train,generic_mutation,26,23,49
aab3315e-7cfe-46b4-a3c9-62ff802b4169,raise_syntax_01,not_equivalent,train,generic_mutation,40,39,79
48558a58-b13b-4fee-97e7-7807d7fc0352,raise_syntax_01,not_equivalent,train,generic_mutation,40,40,80
20205363-61d5-4ff2-8879-b99a4ed26e4c,sorted_cmp_01,not_equivalent,test,generic_mutation,30,28,58
8c5e0eb9-8e47-47b3-9da9-ca8e942a7b98,basestring_01,not_equivalent,train,generic_mutation,23,15,38
32023847-b7b2-4e1b-a957-6be8ad8aefb0,long_int_01,not_equivalent,train,generic_mutation,18,15,33
198b339f-1d41-4614-9c1f-cb40dada0644,urllib_import_01,not_equivalent,train,generic_mutation,31,21,52
6165a727-f7df-4743-b513-dda30b171b81,stringio_01,not_equivalent,train,generic_mutation,44,38,82
771c97fa-9b94-476a-8eb9-63efb3ca459d,dict_values_list_01,not_equivalent,train,generic_mutation,30,32,62
b6edc266-d0d8-4542-963b-f4c7b6d3e296,dict_values_list_01,not_equivalent,train,generic_mutation,30,28,58
03041937-4514-435b-b50c-8fcdbfcc4a60,input_raw_input_01,not_equivalent,train,generic_mutation,27,25,52
21b1bc26-cc50-40d5-94b6-b59c92ca2520,zip_list_01,not_equivalent,val,generic_mutation,33,31,64
d229be25-86c1-4952-b08e-6d1e23294c1c,mined__github_py23_bddda6e80555ed31,not_equivalent,val,generic_mutation,176,31,207
8ec1dca2-7a98-431d-8e90-30555dd44138,mined__github_py23_551448e16a407582,not_equivalent,test,generic_mutation,295,119,414
1cc4173a-aafb-43df-abc5-423f571bb9b3,mined__github_py23_d4d05ae1b21ac988,not_equivalent,train,generic_mutation,2128,1753,3881
e43123bc-80e5-4d28-8d8e-98794c6943cd,mined__github_py23_d4d05ae1b21ac988,not_equivalent,train,generic_mutation,2128,1753,3881
8ad16ac0-c34d-4d97-bd10-386b5e1f0a1c,mined__github_py23_d4d05ae1b21ac988,not_equivalent,train,generic_mutation,2128,1753,3881
51c01a3c-14d4-4676-994c-0b467934c966,mined__github_py23_d4d05ae1b21ac988,not_equivalent,train,generic_mutation,2128,1754,3882
ab862b91-e3e1-4dba-8766-035b67b5958a,mined__github_py23_c3428b16c724dd1c,not_equivalent,train,generic_mutation,282,84,366
d963a2b1-00f7-48e4-8e01-5135788e9223,mined__github_py23_c3428b16c724dd1c,not_equivalent,train,generic_mutation,282,85,367
fa2957c4-beed-414a-a757-5fa22264b6b2,mined__github_py23_1452c0c2b3143cc4,not_equivalent,val,generic_mutation,1577,946,2523
13ada878-83d7-4b72-8406-28ebbc0a90b6,mined__github_py23_1452c0c2b3143cc4,not_equivalent,val,generic_mutation,1577,946,2523
a53a4b2f-7818-439e-a841-5f438f99d08b,mined__github_py23_1452c0c2b3143cc4,not_equivalent,val,generic_mutation,1577,946,2523
14889a70-ef42-46a5-b38c-62ddc318c538,mined__github_py23_1452c0c2b3143cc4,not_equivalent,val,generic_mutation,1577,946,2523
5acbcd0e-4035-45ec-b4f3-6740278c518b,mined__github_py23_1452c0c2b3143cc4,not_equivalent,val,generic_mutation,1577,947,2524
924c729b-5323-4aec-b8d0-098b5e1dae69,mined__github_py23_fea5b2c6db74a4d9,not_equivalent,train,generic_mutation,971,709,1680
e78c3692-5be0-45d3-bd89-6974f533e519,mined__github_py23_81ef2a9482e67f5c,not_equivalent,train,generic_mutation,191,83,274
140af6f1-7bd0-4b0c-93a3-a119e7b9dc6e,mined__github_py23_b6a43db1280201af,not_equivalent,test,generic_mutation,127,86,213
f9ce6ed0-3bb3-45a3-a3ab-08f615e9fa65,mined__github_py23_ebe53a2f9254a655,not_equivalent,test,generic_mutation,190,139,329
12fdc852-4078-4559-96e2-08476beefcf4,mined__github_py23_381d8546b5877771,not_equivalent,train,generic_mutation,515,310,825
0425b097-0486-44d6-b572-24842a767c07,mined__github_py23_381d8546b5877771,not_equivalent,train,generic_mutation,515,307,822
1b44334a-a478-4702-9986-3bd3968426f7,mined__github_py23_381d8546b5877771,not_equivalent,train,generic_mutation,515,312,827
a0d8cc2a-d2a6-4537-afbb-cbb54d06a1f5,mined__github_py23_714742d93306762f,not_equivalent,train,generic_mutation,269,188,457
fbcf93d0-d9a9-4ade-a483-0ec24557a1b2,mined__github_py23_e2de11afe6fc6774,not_equivalent,test,generic_mutation,323,199,522
1b26c003-39d8-44e3-9521-851bc0c29e0c,mined__github_py23_e2de11afe6fc6774,not_equivalent,test,generic_mutation,323,200,523
a0203b2c-466e-4590-a107-346be49d2ed8,mined__github_py23_e14435df73685e85,not_equivalent,val,generic_mutation,1154,653,1807
8d598061-b346-440f-92c7-aa7738f11978,mined__github_py23_e14435df73685e85,not_equivalent,val,generic_mutation,1154,653,1807
87922b85-45c6-4473-8974-54f30b249698,mined__github_py23_e14435df73685e85,not_equivalent,val,generic_mutation,1154,654,1808
3aa876c4-8267-4d22-9def-5ad13c4dd038,mined__github_py23_9649e292d93a9563,not_equivalent,train,generic_mutation,532,125,657
19d7bbe5-c390-4ae0-a38f-e7344322c5a0,mined__github_py23_9649e292d93a9563,not_equivalent,train,generic_mutation,532,126,658
708b6e38-1984-4086-9d00-b49b23f3c603,mined__github_py23_b806ddecbfed5cc5,not_equivalent,test,generic_mutation,901,507,1408
8d2b4c5b-d4fa-4686-9118-12270f089165,mined__github_py23_b806ddecbfed5cc5,not_equivalent,test,generic_mutation,901,510,1411
97bfd853-c469-4916-87f8-6cb2b6ece6cd,mined__github_py23_fa5d4b926242ef70,not_equivalent,train,generic_mutation,240,33,273
ee40b9d5-8624-40ae-9dd4-a6bae10037fc,mined__github_py23_6e2afd95e8e25159,not_equivalent,val,generic_mutation,108,52,160
4c83e0df-a0d1-4cf9-8757-effb9861b7a3,mined__github_py23_6e2afd95e8e25159,not_equivalent,val,generic_mutation,108,52,160
088d9792-25d9-4372-83fe-f27f1a454a5f,mined__github_py23_6e2afd95e8e25159,not_equivalent,val,generic_mutation,108,52,160
daa03c86-8961-4459-b2f0-c7bd804a1db9,mined__github_py23_6e2afd95e8e25159,not_equivalent,val,generic_mutation,108,21,129
09d7b287-a4ff-4772-9b24-1ad22fccceb7,mined__github_py23_4021af02a4950c5a,not_equivalent,train,generic_mutation,810,519,1329
dee79b67-bc88-420b-831c-2a5852ab85ff,mined__github_py23_4021af02a4950c5a,not_equivalent,train,generic_mutation,810,519,1329
15e62dcb-d329-4f7c-8f2d-a4cd8a1bb9a7,mined__github_py23_4021af02a4950c5a,not_equivalent,train,generic_mutation,810,519,1329
67ab813f-78c7-4c70-82db-ce697d1efa5f,mined__github_py23_4021af02a4950c5a,not_equivalent,train,generic_mutation,810,497,1307
81101172-f836-4aa2-9455-f364fecc0411,mined__github_py23_4021af02a4950c5a,not_equivalent,train,generic_mutation,810,520,1330
ce29e965-b0cb-4670-9e73-f104772823cf,mined__github_py23_349ec75f114f9b21,not_equivalent,test,generic_mutation,112,14,126
ff2e7691-2b52-4753-8c07-d5434c82d776,mined__github_py23_b72c696ade80b9e3,not_equivalent,train,generic_mutation,110,14,124
b56f3f20-0c30-400c-831e-8e7a746f3ad8,mined__github_py23_a1e792ae92ea810b,not_equivalent,test,generic_mutation,88,15,103
2e2d9385-8677-4973-993d-6d3de04a5bf8,mined__github_py23_7d1422f0fb598877,not_equivalent,train,generic_mutation,579,249,828
fba948e1-08e5-417d-8156-1dd09d65f660,mined__github_py23_7d1422f0fb598877,not_equivalent,train,generic_mutation,579,249,828
5442e3bc-7ba6-4ff7-8b92-11f556c2578c,mined__github_py23_7d1422f0fb598877,not_equivalent,train,generic_mutation,579,250,829
50ce5617-68ab-41bd-b4ea-eba2b401dee7,mined__github_py23_2c1cee2a171d0094,not_equivalent,val,generic_mutation,494,319,813
71bfb9b1-a529-4358-a19b-7b2b49c7e67e,mined__github_py23_2c1cee2a171d0094,not_equivalent,val,generic_mutation,494,300,794
704d7742-f549-4f12-a68d-581d2d675d23,mined__github_py23_2c1cee2a171d0094,not_equivalent,val,generic_mutation,494,322,816
cbf6649e-6328-4b93-b620-b7ee391f4d47,mined__github_py23_7ecaab3a53cd0c27,not_equivalent,train,generic_mutation,1224,996,2220
adb263d3-a8c3-4916-9c1a-a4dbb7847e0c,mined__github_py23_7ecaab3a53cd0c27,not_equivalent,train,generic_mutation,1224,996,2220
4ad2d21d-543d-4806-b003-1ff5030e483c,mined__github_py23_7ecaab3a53cd0c27,not_equivalent,train,generic_mutation,1224,997,2221
707d6f59-34eb-4b98-b4ed-d1d928995314,mined__github_py23_a7028b7606e9a577,not_equivalent,train,generic_mutation,305,208,513
bfb65e86-a188-47fe-b822-ffb385e616ee,mined__github_py23_a7028b7606e9a577,not_equivalent,train,generic_mutation,305,208,513
2307bfcc-503b-4d17-9810-3cc63897ab87,mined__github_py23_a7028b7606e9a577,not_equivalent,train,generic_mutation,305,206,511
bf6aca7c-9cfd-49f2-b691-d89e493a0325,mined__github_py23_a7028b7606e9a577,not_equivalent,train,generic_mutation,305,209,514
e33f9070-29bf-4409-a50c-464ddb34a6a2,mined__github_py23_12d484075c40e123,not_equivalent,train,generic_mutation,687,536,1223
ca6d28e3-4cbb-42ab-a2b2-311b20efa7e6,mined__github_py23_12d484075c40e123,not_equivalent,train,generic_mutation,687,536,1223
b4cd5cfb-c267-4207-87c1-8084f13a9575,mined__github_py23_12d484075c40e123,not_equivalent,train,generic_mutation,687,536,1223
3e3dd73a-f37b-447c-820e-ab5d5a8533af,mined__github_py23_12d484075c40e123,not_equivalent,train,generic_mutation,687,531,1218
a0e5fbc4-1537-4a38-9bf7-4d227b2e301f,mined__github_py23_12d484075c40e123,not_equivalent,train,generic_mutation,687,537,1224
446d43a1-3ef2-45e3-bcf6-a9597adadefe,mined__github_py23_225283c2d986aeb0,not_equivalent,test,generic_mutation,717,290,1007
98f5acb7-1b47-4ab4-8ae1-1fc847f4ead0,mined__github_py23_225283c2d986aeb0,not_equivalent,test,generic_mutation,717,291,1008
f2b8cbba-9760-4741-99bb-c03df2f7962a,mined__github_py23_dcc036a716667c56,not_equivalent,val,generic_mutation,839,455,1294
d62889c6-8c2e-4c2a-940c-5aba8448a6cf,mined__github_py23_dcc036a716667c56,not_equivalent,val,generic_mutation,839,455,1294
f964e3f9-24c8-4831-a2f8-bc19b2c43714,mined__github_py23_dcc036a716667c56,not_equivalent,val,generic_mutation,839,456,1295
99589463-8e62-4ed2-8ce8-e5d27410962f,mined__github_py23_06f8c3a348dab8c6,not_equivalent,train,generic_mutation,220,101,321
bf7259e4-a0b6-47d4-92fe-9fb8f14194f6,mined__github_py23_06f8c3a348dab8c6,not_equivalent,train,generic_mutation,220,90,310
1269ccbf-faef-41ce-a7e0-0090222517e9,mined__github_py23_06f8c3a348dab8c6,not_equivalent,train,generic_mutation,220,102,322
a975b7d9-ee4b-4f0b-a69d-b128326d060a,mined__github_py23_4820937316ce1966,not_equivalent,train,generic_mutation,591,297,888
32b8d395-da1a-424b-94da-ac29fbb260e9,mined__github_py23_4820937316ce1966,not_equivalent,train,generic_mutation,591,291,882
fe0c10cc-1327-4694-8868-1b4dbf420917,mined__github_py23_4820937316ce1966,not_equivalent,train,generic_mutation,591,298,889
bf1935e5-dbc8-45e4-a418-c0acf8ae60cd,mined__github_py23_e21772c455cae9e9,not_equivalent,train,generic_mutation,150,80,230
aecdaa1f-8ef5-4cfe-860a-d929a4df7e40,mined__github_py23_e21772c455cae9e9,not_equivalent,train,generic_mutation,150,80,230
e2df2f1b-3658-41f1-8862-ce637e13dab8,mined__github_py23_e21772c455cae9e9,not_equivalent,train,generic_mutation,150,81,231
5d53da92-b6e8-4543-81bf-8007bf4e09c4,mined__github_py23_140f724cfe638c1c,not_equivalent,val,generic_mutation,32,15,47
09abfb6b-b516-424b-a12c-ef3fd6622929,mined__github_py23_a9431c752f84d305,not_equivalent,train,generic_mutation,324,154,478
e22cbf07-328d-4e06-a2b6-9132fe39d85a,mined__github_py23_a9431c752f84d305,not_equivalent,train,generic_mutation,324,172,496
2dff7529-fa53-437f-91c0-585400559def,mined__github_py23_e0479973c5d4259b,not_equivalent,train,generic_mutation,77,35,112
c3df04c6-22c3-44d5-a0c7-3fe58c1ce934,mined__github_py23_caed54f34bae6d0f,not_equivalent,train,generic_mutation,91,53,144
5e1c65cd-fc75-4da8-bd2d-12cd567c88b1,mined__github_py23_78c3141b831cd1ba,not_equivalent,val,generic_mutation,134,77,211
5765053d-2234-4c31-9ded-d3d989f2e213,mined__github_py23_102af4ba8c2b4cb4,not_equivalent,train,generic_mutation,781,411,1192
9d1087d6-6322-4f6b-9b81-e3ce5221764b,mined__github_py23_102af4ba8c2b4cb4,not_equivalent,train,generic_mutation,781,411,1192
8c327928-8a66-4985-aa7d-ef73ce2a6a43,mined__github_py23_102af4ba8c2b4cb4,not_equivalent,train,generic_mutation,781,412,1193
c07a183e-7f7a-476c-a1e0-c64bceec549a,mined__github_py23_491e779b295a237d,not_equivalent,train,generic_mutation,633,450,1083
01359c49-39e4-4885-a1f3-13eb185281af,mined__github_py23_491e779b295a237d,not_equivalent,train,generic_mutation,633,450,1083
73d114f7-9afa-4b19-814a-e478434006ca,mined__github_py23_491e779b295a237d,not_equivalent,train,generic_mutation,633,435,1068
6ea444d5-efb6-4908-b15f-277b68dfcb30,mined__github_py23_491e779b295a237d,not_equivalent,train,generic_mutation,633,451,1084
73b4054f-3ffc-4a79-84ce-2311083364a8,mined__github_py23_bcb107de72eb55f6,not_equivalent,test,generic_mutation,218,203,421
4c72fbca-1671-4139-be24-8aa3490373b0,mined__github_py23_bcb107de72eb55f6,not_equivalent,test,generic_mutation,218,205,423
b793b215-b7ff-4113-bcfe-e1fbd619c953,mined__github_py23_f2dcd767f9d15aee,not_equivalent,train,generic_mutation,434,282,716
ab4bf8e0-ee32-4435-b895-8a79c225a45f,mined__github_py23_f2dcd767f9d15aee,not_equivalent,train,generic_mutation,434,275,709
a439058b-74a1-47f7-8dc6-6ab1549cb9b6,mined__github_py23_f2dcd767f9d15aee,not_equivalent,train,generic_mutation,434,283,717
60298e5e-1fd1-4e9c-ab66-cdabdc4a0dc6,mined__github_py23_911c259f7108f81f,not_equivalent,train,generic_mutation,268,178,446
5636bef8-39f0-42ac-a6fa-ffd7b4a277bc,mined__github_py23_911c259f7108f81f,not_equivalent,train,generic_mutation,268,172,440
9a18573e-6c07-47e3-a6f7-76f3eced7bf2,mined__github_py23_911c259f7108f81f,not_equivalent,train,generic_mutation,268,179,447
54f271d8-6101-479b-882a-daad3af7e032,mined__github_py23_6eb95ade91e748a7,not_equivalent,train,generic_mutation,562,238,800
64d9060b-8811-46b8-97db-7234bf7e6d67,mined__github_py23_6eb95ade91e748a7,not_equivalent,train,generic_mutation,562,240,802
bc040338-00e1-45eb-aac1-2aa7bccc2cd6,mined__github_py23_dd3e3c84d54bf00e,not_equivalent,train,generic_mutation,238,99,337
d727844d-1f31-445c-815f-303083df117d,mined__github_py23_dd3e3c84d54bf00e,not_equivalent,train,generic_mutation,238,99,337
95d2fd84-9214-42a8-b8f9-f62a623f1535,mined__github_py23_dd3e3c84d54bf00e,not_equivalent,train,generic_mutation,238,94,332
84a31c57-9243-403d-9929-a898ef1b1687,mined__github_py23_dd3e3c84d54bf00e,not_equivalent,train,generic_mutation,238,100,338
a6807a20-17ac-4cfc-bfe6-bee2970d9ef1,mined__github_py23_9b4833cf0e920e2c,not_equivalent,train,generic_mutation,274,180,454
1d6c484d-0f43-4e2b-8cdf-29fe3918498b,mined__github_py23_9b4833cf0e920e2c,not_equivalent,train,generic_mutation,274,180,454
c75972a6-ac88-475e-85ec-f9b7a7cbd8c2,mined__github_py23_9b4833cf0e920e2c,not_equivalent,train,generic_mutation,274,175,449
69c8a4c4-c577-46f9-ba0b-00323246f0af,mined__github_py23_9b4833cf0e920e2c,not_equivalent,train,generic_mutation,274,181,455
fc0c19a9-df92-40fb-ab63-639eb1ffdb71,mined__github_py23_244953afef81edd2,not_equivalent,train,generic_mutation,513,331,844
64a726ad-7c21-449b-828b-73349554cb51,mined__github_py23_244953afef81edd2,not_equivalent,train,generic_mutation,513,331,844
d663009b-ba77-4aaa-b350-adba7d4bb868,mined__github_py23_244953afef81edd2,not_equivalent,train,generic_mutation,513,281,794
9a46a065-1270-4f4a-acac-d4e190fe14e1,mined__github_py23_244953afef81edd2,not_equivalent,train,generic_mutation,513,332,845
c0dbc767-ac15-4ade-ae12-b4dd981c1a2f,mined__github_py23_c2064f79b90e9ca6,not_equivalent,train,generic_mutation,947,735,1682
e7bff51e-93f9-4398-a77e-8a227515bc2c,mined__github_py23_c2064f79b90e9ca6,not_equivalent,train,generic_mutation,947,735,1682
8db1055c-306d-4625-b0f2-824ad81aa2fd,mined__github_py23_c2064f79b90e9ca6,not_equivalent,train,generic_mutation,947,735,1682
cf0b8872-5801-423e-ab00-247ebefb4628,mined__github_py23_c2064f79b90e9ca6,not_equivalent,train,generic_mutation,947,735,1682
2bc7c11a-7cce-4b5b-b323-4f78490b188e,mined__github_py23_c2064f79b90e9ca6,not_equivalent,train,generic_mutation,947,736,1683
86fd84d6-1e92-4a9f-b880-c13e67226c4e,mined__github_py23_d5faa4b7a392ad17,not_equivalent,train,generic_mutation,346,240,586
1bcdbc99-9424-4061-8763-2a198922c0a1,mined__github_py23_d5faa4b7a392ad17,not_equivalent,train,generic_mutation,346,240,586
7eb47561-b3a7-4293-b876-1b0ad2095dee,mined__github_py23_d5faa4b7a392ad17,not_equivalent,train,generic_mutation,346,241,587
692109f4-0d53-4ed9-af73-10b4c7018607,mined__github_py23_d5faa4b7a392ad17,not_equivalent,train,generic_mutation,346,229,575
4b402aa9-a62c-4b28-82d8-b5c5afe22819,mined__github_py23_72cb472888f5e754,not_equivalent,test,generic_mutation,138,66,204
55ff4e09-afb6-4926-b494-3076c8041d73,mined__github_py23_72cb472888f5e754,not_equivalent,test,generic_mutation,138,30,168
d252ac24-50d7-493f-bfd6-bf91634536c8,mined__github_py23_6a40a8596538dad6,not_equivalent,train,generic_mutation,631,320,951
1673b7a3-1400-4a4d-bbb7-37c360e675b0,mined__github_py23_6a40a8596538dad6,not_equivalent,train,generic_mutation,631,320,951
e0183234-4e16-44f9-b2d5-21a4e5a56ee9,mined__github_py23_6a40a8596538dad6,not_equivalent,train,generic_mutation,631,321,952
718cb6fb-4e5b-4578-ab7a-80444d81c4b4,mined__github_py23_eaa65bd15dcfd57c,not_equivalent,val,generic_mutation,314,50,364
74b0222c-2b7b-49f0-96e6-64c902cdbe7b,mined__github_py23_eaa65bd15dcfd57c,not_equivalent,val,generic_mutation,314,19,333
75667940-e7fc-43b0-84aa-9ab80d15e797,mined__github_py23_f1568ad4811c39a1,not_equivalent,train,generic_mutation,131,78,209
095c86ee-7800-40cd-9a80-1142132c0c4e,mined__github_py23_f1568ad4811c39a1,not_equivalent,train,generic_mutation,131,47,178
38c7e6d6-ce94-47a1-ab0e-789b4970abed,mined__github_py23_cafd1aff72a05708,not_equivalent,val,generic_mutation,101,64,165
4f51cab0-108b-481c-9553-f61f47898f69,mined__github_py23_cafd1aff72a05708,not_equivalent,val,generic_mutation,101,64,165
3b391f82-cc64-40f5-998c-019d582840af,mined__github_py23_cafd1aff72a05708,not_equivalent,val,generic_mutation,101,59,160
3d447ba8-b566-4d16-bfdd-581f8ee45f57,mined__github_py23_7dab87f389a1d176,not_equivalent,train,generic_mutation,91,21,112
ef607919-9ee3-442b-9c34-f76883430da2,mined__github_py23_7c3965bc7d195c23,not_equivalent,train,generic_mutation,1466,791,2257
bf04ebab-c490-498b-a9e1-e5687ae3e84c,mined__github_py23_7c3965bc7d195c23,not_equivalent,train,generic_mutation,1466,791,2257
1c8bc9d4-1a76-4f01-a3e4-8f42e84dfc70,mined__github_py23_7c3965bc7d195c23,not_equivalent,train,generic_mutation,1466,789,2255
0a04833b-f62c-4a30-a333-f00b10c7546d,mined__github_py23_7c3965bc7d195c23,not_equivalent,train,generic_mutation,1466,792,2258
d653647b-c517-44de-8509-4a5fac452044,mined__github_py23_2c5486ee4035d5d2,not_equivalent,val,generic_mutation,140,116,256
730d09e3-d1de-41b0-b7de-e1d52c0137d7,mined__github_py23_97f7a8d50788491a,not_equivalent,train,generic_mutation,152,146,298
58283632-8193-4b2d-aeb2-5f8c14c3a9ff,mined__github_py23_97f7a8d50788491a,not_equivalent,train,generic_mutation,152,130,282
15aa22e1-7adc-462f-b4c5-3bc2450a0c74,mined__github_py23_01238bf196ee31bf,not_equivalent,train,generic_mutation,811,641,1452
4dc40307-0e49-4056-a8f3-3181ca3e6544,mined__github_py23_01238bf196ee31bf,not_equivalent,train,generic_mutation,811,646,1457
258653b8-2970-4a57-ad4c-2ef11a97681b,mined__github_py23_287a1b27c93102e6,not_equivalent,train,generic_mutation,340,234,574
38766781-3e49-46e9-baff-c81f589815bc,mined__github_py23_c4cf949c86d2080d,not_equivalent,test,generic_mutation,207,146,353
86a536b7-8acc-4d87-a80e-20e4faeb9f52,mined__github_py23_5a30715aa19ba319,not_equivalent,train,generic_mutation,512,223,735
eafe68a1-9621-4266-972e-deccffdff81e,mined__github_py23_5a30715aa19ba319,not_equivalent,train,generic_mutation,512,223,735
02511582-fdc9-4729-8792-f5608bc5d2c4,mined__github_py23_5a30715aa19ba319,not_equivalent,train,generic_mutation,512,224,736
3c40c72b-3d2a-4abb-a3a4-2ee2f4be16d1,mined__github_py23_0cbc207f60aec73b,not_equivalent,train,generic_mutation,312,178,490
d4e0bc2f-9b5a-4ad6-9c78-a0412c242abf,mined__github_py23_ade176617474341f,not_equivalent,test,generic_mutation,884,458,1342
ca3f0aa2-dc49-45ae-835f-1db1b03993c8,mined__github_py23_2a773c9972ca5627,not_equivalent,train,generic_mutation,502,269,771
8580aad4-359c-415a-8c89-b7b4d03be4e9,mined__github_py23_ff2b808efa551f4b,not_equivalent,train,generic_mutation,1004,492,1496
27999951-6991-4382-b2f9-21003a7746e2,mined__github_py23_fe2cd02a3b6544a8,not_equivalent,train,generic_mutation,167,138,305
289c7ac4-a498-4592-8012-a12f416cbafb,mined__github_py23_a27504262e5799fc,not_equivalent,train,generic_mutation,472,249,721
b608cfe8-b8ef-4e43-8b22-1652508c2a4f,mined__github_py23_d593795caf48ad7a,not_equivalent,train,generic_mutation,114,52,166
66fb3005-d3d3-4690-843f-26e26b646a03,mined__github_py23_7282e632f57d8b63,not_equivalent,train,generic_mutation,148,88,236
c36e1ba5-2ca6-45cb-b256-51e1fc4c3fba,mined__github_py23_b8e2265d53ef2eb9,not_equivalent,train,generic_mutation,244,143,387
9c3236ea-f572-4a75-b87e-4c005be86640,mined__github_py23_10e9037b1ce4aee5,not_equivalent,train,generic_mutation,326,188,514
b6081eac-1dad-4277-b738-2ec8b934dd98,mined__github_py23_10e9037b1ce4aee5,not_equivalent,train,generic_mutation,326,184,510
228b652d-faee-4e42-95d6-5e2e1162cac3,mined__github_py23_c09bf49784ce49bf,not_equivalent,train,generic_mutation,1178,723,1901
45750601-fe15-4c98-bcb8-08b99a91fea0,mined__github_py23_c09bf49784ce49bf,not_equivalent,train,generic_mutation,1178,724,1902
4afca795-ebc5-4aac-8cdb-cf8cb91c27e2,mined__github_py23_0dc44ec435d7d917,not_equivalent,train,generic_mutation,257,134,391
0c34d679-984c-46b4-8be0-2b70a2805adf,mined__github_py23_99485696ad94d4b4,not_equivalent,train,generic_mutation,621,252,873
1d6fb324-f1ce-439c-a144-def3eeddfde6,mined__github_py23_99485696ad94d4b4,not_equivalent,train,generic_mutation,621,237,858
055fd4c0-e3f8-4078-8ef6-3d5b173cd5e8,mined__github_py23_372594aea326384b,not_equivalent,train,generic_mutation,440,215,655
c2e65d78-7776-4be7-83cc-ec22d9b78c77,mined__github_py23_9c09139f1fd4cca9,not_equivalent,train,generic_mutation,288,143,431
c8d7f83c-9991-4cf2-a8ca-7063aaec8ac9,mined__github_py23_220f0ba07a258afb,not_equivalent,train,generic_mutation,618,179,797
b9f30947-40b8-44fb-bdf3-c711e6d7de88,mined__github_py23_086eb07e6da34e7d,not_equivalent,val,generic_mutation,613,383,996
6913afd1-ebdc-4ecb-83ad-1e0e3ef9c6a4,mined__github_py23_47d71129dbec881a,not_equivalent,test,generic_mutation,291,114,405
cdb88d44-b155-4982-8461-ce21dcdd9618,mined__github_py23_f00c1f518be02cda,not_equivalent,train,generic_mutation,477,241,718
f17f179e-5b18-434d-9fea-f0df9e4ab3ac,mined__github_py23_f00c1f518be02cda,not_equivalent,train,generic_mutation,477,241,718
7dfe700c-67d6-47bc-957a-7bb470272f8c,mined__github_py23_f00c1f518be02cda,not_equivalent,train,generic_mutation,477,242,719
80e7d279-0c94-42af-b9f8-25442231a49b,mined__github_py23_1d83d807e7df383b,not_equivalent,train,generic_mutation,171,137,308
191439f5-d433-4eba-9400-d01e31916769,mined__github_py23_461f5ee536ce06bb,not_equivalent,val,generic_mutation,171,137,308
a3dea3ac-95bb-4c47-a4d0-4485afdea991,mined__github_py23_1065b07697a7d39a,not_equivalent,train,generic_mutation,433,419,852
8fe35248-0cea-4280-944a-dc30af8e014f,mined__github_py23_1065b07697a7d39a,not_equivalent,train,generic_mutation,433,419,852
151b8217-72d0-463a-8cdd-5f1750dbd7cd,mined__github_py23_1065b07697a7d39a,not_equivalent,train,generic_mutation,433,419,852
4891644b-3d99-4f28-990a-842636a8e43f,mined__github_py23_1065b07697a7d39a,not_equivalent,train,generic_mutation,433,383,816
138762f9-d458-41a8-8817-9c767148aa7a,mined__github_py23_1065b07697a7d39a,not_equivalent,train,generic_mutation,433,420,853
bcdbae01-e53a-4b0d-879e-e5ad65c710da,mined__github_py23_815a650b3150c1c7,not_equivalent,train,generic_mutation,417,423,840
f041f6ec-98b1-4c92-ac59-482966117465,mined__github_py23_815a650b3150c1c7,not_equivalent,train,generic_mutation,417,417,834
f3b0738c-625d-4c64-ab27-efbd7cc8a329,mined__github_py23_815a650b3150c1c7,not_equivalent,train,generic_mutation,417,427,844
4fd2dabb-964f-498c-8ccf-3e245c2e8ea0,mined__github_py23_41c38604297cef5a,not_equivalent,train,generic_mutation,95,98,193
6241ac2d-7c88-4957-bf61-4eae32f191e8,mined__github_py23_41c38604297cef5a,not_equivalent,train,generic_mutation,95,98,193
a1ffc458-0893-4b40-a974-1c62ae253ae1,mined__github_py23_41c38604297cef5a,not_equivalent,train,generic_mutation,95,98,193
b665ac02-4d38-4032-a8f3-077192765e65,mined__github_py23_41c38604297cef5a,not_equivalent,train,generic_mutation,95,89,184
0b6c5a56-c3d2-4b6b-b6ae-094fb3ed186c,mined__github_py23_41c38604297cef5a,not_equivalent,train,generic_mutation,95,100,195
54623721-45e6-4aa4-8c18-81dfa202d6d7,mined__github_py23_ba472204f605f4e3,not_equivalent,train,generic_mutation,232,194,426
889a9117-20b4-43f5-acb0-fd5e5d184eb7,mined__github_py23_ba472204f605f4e3,not_equivalent,train,generic_mutation,232,195,427
739a2e34-7fce-4d6b-ad88-f46c0aa4e159,mined__github_py23_581053d6c68a7554,not_equivalent,train,generic_mutation,178,153,331
9a6b8fd1-ed0f-420d-a6b0-1d8072b14537,mined__github_py23_9d7af4f18061d58a,not_equivalent,train,generic_mutation,43,39,82
222ed3ce-f13d-4523-86b7-e986b587e83e,mined__github_py23_9d7af4f18061d58a,not_equivalent,train,generic_mutation,43,46,89
a596d7a5-6adc-4181-bb2e-c25801143a5c,mined__github_py23_0f2e336c64328948,not_equivalent,train,generic_mutation,732,731,1463
63fe1258-b817-4e9e-b52f-3371c52fd8c2,mined__github_py23_0f2e336c64328948,not_equivalent,train,generic_mutation,732,731,1463
4a6b21fe-9d40-47c4-b0ae-2d6a64184753,mined__github_py23_0f2e336c64328948,not_equivalent,train,generic_mutation,732,731,1463
16a633b3-1809-4ed1-b7b3-508faacebe97,mined__github_py23_0f2e336c64328948,not_equivalent,train,generic_mutation,732,711,1443
20be36d0-e9bd-4e3e-9ed6-e2926072926b,mined__github_py23_0f2e336c64328948,not_equivalent,train,generic_mutation,732,733,1465
a141eb0b-a092-4fe7-a9ff-9852e65321c2,mined__github_py23_ca2356bc051726a4,not_equivalent,test,generic_mutation,218,79,297
e6f65a28-be27-4621-91d0-cc8daafb8f8d,mined__github_py23_ca2356bc051726a4,not_equivalent,test,generic_mutation,218,79,297
82a74a4c-ea7d-4fa0-ac16-444516df6d10,mined__github_py23_7772a76194a39400,not_equivalent,train,generic_mutation,329,214,543
208de607-70f7-4c2c-817a-cecf997a0228,mined__github_py23_7772a76194a39400,not_equivalent,train,generic_mutation,329,213,542
e60d4674-924c-476e-bdf5-7a272f6b84c9,mined__github_py23_7772a76194a39400,not_equivalent,train,generic_mutation,329,215,544
2a122a4e-5082-4f6d-a429-b664d2c19ff0,mined__github_py23_7772a76194a39400,not_equivalent,train,generic_mutation,329,217,546
8871ddc3-c435-42de-8d72-3fe985048ccd,mined__github_py23_0599c01d84a6c605,not_equivalent,train,generic_mutation,306,206,512
5a34583a-56da-4d1e-bfeb-62da9911dc41,mined__github_py23_0599c01d84a6c605,not_equivalent,train,generic_mutation,306,207,513
119d7bd8-6fbd-4d75-8b7b-fc5a2fe01af7,mined__github_py23_d27e569045e7f751,not_equivalent,train,generic_mutation,694,513,1207
d6f2fb23-a513-4d70-bcb3-fb8ab8dfd4a5,mined__github_py23_a55154bf573fb8c7,not_equivalent,train,generic_mutation,152,118,270
130cc905-daaa-4f50-83af-e0dc4e1caf6e,mined__github_py23_a55154bf573fb8c7,not_equivalent,train,generic_mutation,152,119,271
ab4aa599-4f45-4b3d-a0c4-b85381839deb,mined__github_py23_fe6228a697eb9e84,not_equivalent,train,generic_mutation,662,485,1147
a419dfd7-2faf-4b99-916f-e8205867b1b2,mined__github_py23_fe6228a697eb9e84,not_equivalent,train,generic_mutation,662,476,1138
a8dbd0a4-2c57-430a-8c77-86474dbeaac0,mined__github_py23_fe6228a697eb9e84,not_equivalent,train,generic_mutation,662,485,1147
175ef7ee-9dd8-489b-976c-5c78d087850f,mined__github_py23_97e1af841f04203c,not_equivalent,train,generic_mutation,808,455,1263
0234b3f9-d582-46a7-8966-fe8b0f781958,mined__github_py23_97e1af841f04203c,not_equivalent,train,generic_mutation,808,431,1239
eba9a2a2-5498-44e8-8625-1e6b5135deba,mined__github_py23_97e1af841f04203c,not_equivalent,train,generic_mutation,808,458,1266
79198c71-3365-4b30-8d74-cae51e2c90e4,mined__github_py23_706f5bcc68fa4d69,not_equivalent,train,generic_mutation,100,93,193
8942a8c8-f5c7-4ae6-8564-65867742a846,mined__github_py23_706f5bcc68fa4d69,not_equivalent,train,generic_mutation,100,99,199
eff822eb-eda6-4125-aa44-32ffeab31c04,mined__github_py23_b4a6ee02252e45e7,not_equivalent,train,generic_mutation,99,53,152
81a82fb6-61d7-4102-a7b0-cbc7086ca429,mined__github_py23_b4a6ee02252e45e7,not_equivalent,train,generic_mutation,99,53,152
549fa5f3-d90f-45d2-9886-40dfa089b951,mined__github_py23_b4a6ee02252e45e7,not_equivalent,train,generic_mutation,99,54,153
9692a093-c035-4cd1-a77f-e1c69aad8bc9,mined__github_py23_57beb4a28c6fbc8e,not_equivalent,train,generic_mutation,952,429,1381
60c3580b-41a9-4380-90d7-19fb21a90549,mined__github_py23_57beb4a28c6fbc8e,not_equivalent,train,generic_mutation,952,429,1381
5fbf8c9c-ce95-443c-9272-afa63adcb20d,mined__github_py23_e9d61a94841ea11c,not_equivalent,train,generic_mutation,171,146,317
25330d05-3295-498f-bf5f-d3be5a922b89,mined__github_py23_9083c02b42079065,not_equivalent,train,generic_mutation,163,138,301
12269ed5-564d-426a-b32d-42d01c1cb938,mined__github_py23_6351d7a3b45ee613,not_equivalent,train,generic_mutation,124,100,224
76112d0f-6afd-4d61-802d-3d13e5968e0a,mined__github_py23_167c13f9522dbd10,not_equivalent,train,generic_mutation,221,181,402
e86cb6c6-1cad-4d0a-9e39-a30c7cc62d65,mined__github_py23_3c466b86f795bebc,not_equivalent,test,generic_mutation,284,236,520
e1cc0c43-e43d-4f87-9593-8be1be93d38f,mined__github_py23_08f07086bc8db19f,not_equivalent,train,generic_mutation,208,172,380
8e573da0-9ce3-40d5-8c16-29cc0e09fd28,mined__github_py23_a00323abc7c80466,not_equivalent,train,generic_mutation,208,164,372
3ab456f0-f970-4113-8092-ac0c9bc24001,mined__github_py23_f9afc7e5e49485b0,not_equivalent,train,generic_mutation,149,121,270
31dab48f-ab97-41e5-9732-d7bcfc19e6ca,mined__github_py23_2c8ebac4639aae79,not_equivalent,train,generic_mutation,270,205,475
f9c072c9-5835-4e66-ad41-e572644bd8a4,mined__github_py23_481d93c248200725,not_equivalent,train,generic_mutation,65,57,122
ae8f8601-2607-4c49-ac4b-9b5f127f2c31,mined__github_py23_42eeaba0588bb89d,not_equivalent,val,generic_mutation,219,191,410
78651462-889d-484e-b31e-b015a87e7bb4,mined__github_py23_ab67542253616c38,not_equivalent,train,generic_mutation,305,247,552
5e6dd1e8-70c9-4435-9946-354915ddb5c0,mined__github_py23_5d147705bff4ea04,not_equivalent,train,generic_mutation,499,423,922
de98a971-5f62-42f4-ac4a-7fc0afea9c81,mined__github_py23_5d147705bff4ea04,not_equivalent,train,generic_mutation,499,423,922
7e0f8440-48a1-4380-acdb-6dc9a96d35ba,mined__github_py23_5d147705bff4ea04,not_equivalent,train,generic_mutation,499,424,923
bc0882f7-baaf-4069-bf38-776210de5cf9,mined__github_py23_ba84f183c0e97ad8,not_equivalent,val,generic_mutation,407,343,750
a1b22f78-5f39-4687-8341-4f4381f8da40,mined__github_py23_ba84f183c0e97ad8,not_equivalent,val,generic_mutation,407,343,750
bd6287d8-9d37-4f01-872a-a8e67ef6aa9d,mined__github_py23_ba84f183c0e97ad8,not_equivalent,val,generic_mutation,407,344,751
48065e2b-0714-4db2-a166-2578f7c99818,mined__github_py23_aee73feccbbad059,not_equivalent,train,generic_mutation,320,248,568
71e9a1d2-4f96-430a-85bd-5fbaff07e42f,mined__github_py23_dda88131ededf09d,not_equivalent,train,generic_mutation,547,463,1010
2d9c2c22-4f7c-4491-b0ba-439d023233a9,mined__github_py23_dda88131ededf09d,not_equivalent,train,generic_mutation,547,463,1010
d971ce78-3e34-42e8-8ebe-660cf7cd2458,mined__github_py23_dda88131ededf09d,not_equivalent,train,generic_mutation,547,464,1011
7a43111f-4a05-441d-9f50-c5eebe7b6397,mined__github_py23_c8cb0b927c0ad0f8,not_equivalent,test,generic_mutation,206,169,375
52c1a9a8-75a3-413d-b9cd-c14d2aa8180d,mined__github_py23_91a95b4cf1813042,not_equivalent,train,generic_mutation,359,238,597
ad073ea2-c99e-455b-ac4d-bb3d243b4aa1,mined__github_py23_a3ef94e778426c86,not_equivalent,train,generic_mutation,387,241,628
132d95a4-76a8-4916-b57b-b511ccced34d,mined__github_py23_43a6eec46efbb5b9,not_equivalent,train,generic_mutation,660,403,1063
d1a8da95-a0dd-4b41-8be7-964a3120814a,mined__github_py23_43a6eec46efbb5b9,not_equivalent,train,generic_mutation,660,403,1063
15ee1098-7d1f-4c72-86aa-0a61761285e5,mined__github_py23_63a23b8c3503d24b,not_equivalent,train,generic_mutation,828,604,1432
beaae4f0-9437-4b8c-b58d-a37ee42fb1fc,mined__github_py23_63a23b8c3503d24b,not_equivalent,train,generic_mutation,828,604,1432
f38174ff-e61e-4065-a89c-f7eebf60df67,mined__github_py23_9bea0d8a3e58230e,not_equivalent,train,generic_mutation,86,74,160
24d9ab2f-a6e9-4fb8-93a9-0ce3572bd2ad,mined__github_py23_ef19ee2d20b56035,not_equivalent,train,generic_mutation,279,230,509
9f41433c-93c0-49a1-a552-7573b3ac7cb1,mined__github_py23_6f515d20cec0bcd2,not_equivalent,train,generic_mutation,93,77,170
211f0ef5-ca45-440f-b264-ce7824541a1c,mined__github_py23_70f25595d4eb55a1,not_equivalent,test,generic_mutation,151,127,278
5a1f41d4-ef98-4f1b-aace-c1d79ca5725f,mined__github_py23_19b55a20b9cc5f1f,not_equivalent,train,generic_mutation,73,62,135
82bacb0d-c573-48a3-a811-83a5df08060e,mined__github_py23_3275534e0d2f655c,not_equivalent,train,generic_mutation,103,87,190
8cadf9e4-b214-4b28-a523-2a4744711483,mined__github_py23_6b491828fb881611,not_equivalent,train,generic_mutation,199,167,366
43cbe96e-dec2-4bff-8016-362e0383a81f,mined__github_py23_8fb17b741d370e35,not_equivalent,train,generic_mutation,108,88,196
53b73095-9929-4c13-8228-5551490e8c5b,mined__github_py23_377c6f2a1a458350,not_equivalent,train,generic_mutation,117,97,214
2d865f7c-5dae-459e-820c-d06be06188fe,mined__github_py23_61ef66ad8409477e,not_equivalent,train,generic_mutation,421,353,774
e613d4a2-f535-46b3-960c-aace13ca1b17,mined__github_py23_e25760e45298775e,not_equivalent,train,generic_mutation,177,149,326
aacd086e-a4fb-41a3-a25e-99d68cb1f476,mined__github_py23_741dfc22e201a651,not_equivalent,train,generic_mutation,189,161,350
a237c0fb-8aab-4f1b-9ac9-819e087512c4,mined__github_py23_741dfc22e201a651,not_equivalent,train,generic_mutation,189,161,350
87d51e54-3ef9-4bb6-b7fc-fb33b9013e46,mined__github_py23_d59190b17f69a259,not_equivalent,val,generic_mutation,177,149,326
9a0619ac-b09f-4ca1-bf6f-4e7b8048844a,mined__github_py23_668846a0d7c2ce67,not_equivalent,train,generic_mutation,369,279,648
cf0ca354-e447-4a4a-83c3-c2781bf8c2d7,mined__github_py23_668846a0d7c2ce67,not_equivalent,train,generic_mutation,369,279,648
b765fd42-9aea-498f-9b07-f05ae200bfca,mined__github_py23_5a62ba44590a4f70,not_equivalent,train,generic_mutation,306,237,543
f027d624-bb48-4664-87a1-fefda939b866,mined__github_py23_94d88e298aa9e0a8,not_equivalent,train,generic_mutation,378,301,679
8d2eb351-502a-4218-9508-c0b1a0776133,mined__github_py23_33d6e7427f5fddfe,not_equivalent,train,generic_mutation,382,305,687
e1956ff6-2300-4bc4-8a31-b5b5f1e6d6ee,mined__github_py23_98550c8022b33445,not_equivalent,train,generic_mutation,70,58,128
b4f7b6ae-fbdd-447a-aaf3-5a57b7f23a6f,mined__github_py23_dfba07456579c7fa,not_equivalent,train,generic_mutation,536,438,974
28529be0-5d8d-41f2-abf5-2634c52d336d,mined__github_py23_2161d3c8c0bd5112,not_equivalent,train,generic_mutation,170,142,312
e9102ac9-1db4-4c3a-b656-38da21f94e12,mined__github_py23_562246c700b9948d,not_equivalent,train,generic_mutation,162,134,296
2676c949-45a0-45ad-b799-5eb67c271c91,mined__github_py23_38c7804ab51333e8,not_equivalent,train,generic_mutation,533,317,850
6d9f3128-c692-4f5d-9b44-42033898a4ae,mined__github_py23_38c7804ab51333e8,not_equivalent,train,generic_mutation,533,315,848
1ea19cfb-648c-4981-9eca-7c706a7c76f6,mined__github_py23_3cf026af36154514,not_equivalent,val,generic_mutation,253,193,446
93c6b9c4-9ce1-4e3b-8c12-6351bc5629df,mined__github_py23_445a05a5c907c054,not_equivalent,train,generic_mutation,346,239,585
90121e80-f49d-4f7a-afce-0ddb6c9680ae,mined__github_py23_0bb38380b76ba076,not_equivalent,val,generic_mutation,125,101,226
c984529b-1334-44e7-9ee8-8f45f1ff9b9c,mined__github_py23_804f04de65739059,not_equivalent,val,generic_mutation,328,274,602
4c132ca6-61c8-4d28-94b9-b14bdb9cf45b,mined__github_py23_1e998f132b882108,not_equivalent,train,generic_mutation,335,274,609
355d17d0-b5d1-4443-992a-08691907ce08,mined__github_py23_1e998f132b882108,not_equivalent,train,generic_mutation,335,274,609
9078a794-3146-41eb-b7eb-5ab105e11d93,mined__github_py23_45812f66e3bf66a9,not_equivalent,test,generic_mutation,242,198,440
d17f86f2-dd37-4741-a929-6b21a60f9294,mined__github_py23_e300f93bedae7ce7,not_equivalent,test,generic_mutation,320,251,571
d39ed982-483b-449f-85cb-d4b131fc74f4,mined__github_py23_e300f93bedae7ce7,not_equivalent,test,generic_mutation,320,251,571
45761635-3822-4983-aa7e-fa7c1190de61,mined__github_py23_d25b2a3aea7c5bf0,not_equivalent,train,generic_mutation,319,222,541
5eddc62f-0f7c-43d1-a4c9-74b3408f0e02,mined__github_py23_d25b2a3aea7c5bf0,not_equivalent,train,generic_mutation,319,222,541
ec0278a2-e85e-4054-8b45-a195e2942354,mined__github_py23_d25b2a3aea7c5bf0,not_equivalent,train,generic_mutation,319,223,542
6eb2c0b5-35f0-4b2f-aa08-21d0516ee81a,mined__github_py23_a73106e0905c255e,not_equivalent,test,generic_mutation,438,345,783
ffad31ea-15c5-474a-a23f-4a5162dbde38,mined__github_py23_a73106e0905c255e,not_equivalent,test,generic_mutation,438,342,780
2b3debe3-63e4-4357-bcec-d1016ae68236,mined__github_py23_a73106e0905c255e,not_equivalent,test,generic_mutation,438,346,784
f57de54e-33fb-438c-bca1-4925f6c1c2b5,mined__github_py23_89e6e27cc465641e,not_equivalent,train,generic_mutation,310,192,502
33af1f4d-a668-4ca5-870c-f9da511bb2b3,mined__github_py23_726ae286ca504017,not_equivalent,val,generic_mutation,71,59,130
7f868599-d62b-4615-abf0-5f8a2eacb5b5,mined__github_py23_2aa34fd3ceca9b9a,not_equivalent,train,generic_mutation,278,230,508
3ddde70c-1a5d-440b-b9b6-2cb34603b6f8,mined__github_py23_2739704bb3ea4346,not_equivalent,train,generic_mutation,109,90,199
685a4f6f-0501-4cd4-844d-b5630b3723a1,mined__github_py23_e23ba28af98711f7,not_equivalent,test,generic_mutation,247,196,443
e1fab847-f14f-4ae9-ab33-9cadadff7296,mined__github_py23_406cbbaff2137f23,not_equivalent,test,generic_mutation,329,269,598
6afcccd8-ae79-4412-81c6-eeb20249c190,mined__github_py23_406cbbaff2137f23,not_equivalent,test,generic_mutation,329,269,598
c784f548-e4aa-4108-a862-669fb9aca960,mined__github_py23_f978b4bbf63f8391,not_equivalent,val,generic_mutation,245,201,446
671134b2-32ca-4266-87b5-4bdb44aec50c,mined__github_py23_f2da4045f4e4a908,not_equivalent,train,generic_mutation,205,169,374
60d93484-c85a-467c-a4a3-feeec028a9a2,mined__github_py23_f2da4045f4e4a908,not_equivalent,train,generic_mutation,205,169,374
a117b477-337a-4ff7-afa3-d27f3f14e6bf,mined__github_py23_a90b961e6f85136a,not_equivalent,train,generic_mutation,124,103,227
7a20e65f-0f86-4e31-b95b-a9f845c3dbd6,mined__github_py23_863b8e1b25cd9e7f,not_equivalent,train,generic_mutation,174,139,313
f78ff781-6e37-4f6d-86bd-05faf5283e59,mined__github_py23_863b8e1b25cd9e7f,not_equivalent,train,generic_mutation,174,139,313
ba844710-6946-4776-882d-536e6ec57c71,mined__github_py23_6af52bb63564fda8,not_equivalent,train,generic_mutation,229,189,418
ed2c44fa-20f9-4a35-88a5-74a838a3b42c,mined__github_py23_8b8abdfcde145ccf,not_equivalent,test,generic_mutation,249,207,456
d73a92e4-a378-47c6-b3eb-ba5e3b851206,mined__github_py23_d4b93169162859e5,not_equivalent,val,generic_mutation,263,222,485
0d9fb7ab-e30e-4a5c-80be-079e349e8b40,mined__github_py23_8807d1efb3dba8aa,not_equivalent,train,generic_mutation,158,111,269
e2364088-ae64-4367-a589-f1cb1b47b6c7,mined__github_py23_8807d1efb3dba8aa,not_equivalent,train,generic_mutation,158,100,258
66b1acef-f0da-487b-ae96-fb2145178647,mined__github_py23_b08558129f08adb1,not_equivalent,train,generic_mutation,96,76,172
14e57003-a03e-4356-8f25-28d685158405,mined__github_py23_b08558129f08adb1,not_equivalent,train,generic_mutation,96,74,170
6c3a4a26-49cd-4732-af50-72adcbc431ac,mined__github_py23_42a0e0f48b712dec,not_equivalent,train,generic_mutation,341,229,570
7173fc96-acc4-4e31-9b82-395cefabf278,mined__github_py23_42a0e0f48b712dec,not_equivalent,train,generic_mutation,341,227,568
b080dbb5-671a-45c4-9f97-49ab597c29fa,mined__github_py23_34b8713d388d37b6,not_equivalent,train,generic_mutation,312,202,514
e7fdcc84-e63f-4f46-b086-b6b8adb10367,mined__github_py23_34b8713d388d37b6,not_equivalent,train,generic_mutation,312,200,512
287aeba9-6c5d-4370-9002-0489ba18f134,mined__github_py23_2559304a4c99cb32,not_equivalent,val,generic_mutation,155,90,245
a6266b73-f468-4510-8da0-235bdaea1a92,mined__github_py23_6befe4004b728781,not_equivalent,val,generic_mutation,191,151,342
a8e3efda-1888-4b4d-a795-19671c0b97f1,mined__github_py23_5a755b36b1f93cdd,not_equivalent,train,generic_mutation,392,256,648
74fc9b05-9881-4b57-9360-4c64b9b24d23,mined__github_py23_05c6aa914bd33a90,not_equivalent,train,generic_mutation,313,222,535
928d04cc-30c7-4b0d-a3d5-b6860204e77f,mined__github_py23_3eb1efbaae5ddeb7,not_equivalent,train,generic_mutation,622,414,1036
e5e783e0-81d3-4a63-8a96-1784331a88a5,mined__github_py23_5446b12b99c76812,not_equivalent,train,generic_mutation,733,471,1204
53076405-52d4-4031-b2ef-8a1d4fbf1d90,mined__github_py23_a0b6435256b825a4,not_equivalent,train,generic_mutation,697,454,1151
98fc3b11-7f1c-441f-9578-e63a31c63636,mined__github_py23_a6a8518f430cfcc3,not_equivalent,test,generic_mutation,347,270,617
07e5d27f-3a1a-45c8-899f-3a186160c6a0,mined__github_py23_d9cdbaa556ae3fd3,not_equivalent,train,generic_mutation,493,389,882
d5f9ccd3-d5c1-410b-bd8e-a27c480e1519,mined__github_py23_4f85e7789ad9d0e5,not_equivalent,train,generic_mutation,513,371,884
67bb2a30-1622-462c-901c-21d1b451c7e3,mined__github_py23_4b437b89f9d0476e,not_equivalent,train,generic_mutation,361,297,658
bdbb28d5-3da8-4b6b-9d9f-81a6f4ea7764,mined__github_py23_29fa9ff144335c42,not_equivalent,train,generic_mutation,496,401,897
ea9222ea-7715-4915-9003-d6da505f7287,mined__github_py23_1d59f82bd96af8dd,not_equivalent,train,generic_mutation,467,363,830
f3dc75a4-95f5-4cbf-9432-e321cee56a04,mined__github_py23_1d59f82bd96af8dd,not_equivalent,train,generic_mutation,467,359,826
375e58e6-7a4f-473d-aef6-4a10e60b120d,mined__github_py23_d9b723fcf34d5f98,not_equivalent,train,generic_mutation,216,154,370
8a3e80f5-b3be-4cf6-a39b-b7cff221bb74,mined__github_py23_d9b723fcf34d5f98,not_equivalent,train,generic_mutation,216,154,370
0b3a291f-d8f5-4fdd-a457-a36426d28979,mined__github_py23_47b4e96966df0455,not_equivalent,test,generic_mutation,142,110,252
ec21a2ed-e5dc-409a-acd0-30cd1ec7b4ff,mined__github_py23_47b4e96966df0455,not_equivalent,test,generic_mutation,142,110,252
a7276045-af2c-4236-b951-99fdaed5fb6b,mined__github_py23_114ad11735c85f8d,not_equivalent,test,generic_mutation,310,220,530
5263342f-d88a-42e0-a398-2d5378d173b1,mined__github_py23_201b95c42c4ae28b,not_equivalent,test,generic_mutation,192,165,357
d7389684-86e4-48ff-bcf7-fdf2c41fd6d2,mined__github_py23_8342b585ae52b9a8,not_equivalent,train,generic_mutation,332,254,586
586f9e3a-a934-4823-a970-de9ca05acb82,mined__github_py23_8342b585ae52b9a8,not_equivalent,train,generic_mutation,332,240,572
a33a1d1b-fd9c-4d13-8778-ada11c0c21a9,mined__github_py23_7f4132023c57c627,not_equivalent,test,generic_mutation,267,211,478
55cbada3-ae5d-4fd9-8bf4-482a14caf38e,mined__github_py23_2d35fcfcd69c4f06,not_equivalent,train,generic_mutation,257,206,463
65db3c49-70e3-45f3-a7f0-8c869dddd5c8,mined__github_py23_b8e4fc4fdd234534,not_equivalent,test,generic_mutation,100,80,180
9e1bf18b-75e2-4c5a-92bd-2af0dec49e46,mined__github_py23_cf4dd7c6e76a8b74,not_equivalent,val,generic_mutation,134,110,244
9255f3cb-def3-4d95-9475-0f16a8afe4ec,mined__github_py23_b83a0ead14790288,not_equivalent,train,generic_mutation,131,107,238
4f790a5e-0656-4995-a8cb-7f5560d7030f,mined__github_py23_68f7b1c1c2cb8bd1,not_equivalent,val,generic_mutation,410,280,690
ea4dd27e-2c71-4ccc-894d-0623d744f4f6,mined__github_py23_65b73e1d41890896,not_equivalent,test,generic_mutation,109,85,194
5b1dcb73-c6a7-4997-bf2a-22e0092b9c38,mined__github_py23_65b73e1d41890896,not_equivalent,test,generic_mutation,109,83,192
6fcebfb6-6a5c-4d5b-92c7-e810dcf246bd,mined__github_py23_b02b3c5606315859,not_equivalent,train,generic_mutation,156,92,248
fe85702c-2329-4a96-9960-b947f86f03a0,mined__github_py23_c9d5bfa2bc6a033d,not_equivalent,train,generic_mutation,105,85,190
601cbfa2-a870-453c-b4e9-e7887eedb6e3,mined__github_py23_f863b1be99c2d31d,not_equivalent,train,generic_mutation,203,151,354
08e67b86-4aa8-4d67-8efc-0691b0348c7a,mined__github_py23_04099221c061807e,not_equivalent,train,generic_mutation,241,142,383
25b09456-a30f-4caf-aa96-7ba3f73d2f86,mined__github_py23_04099221c061807e,not_equivalent,train,generic_mutation,241,134,375
9c39b65b-6ada-45f6-bd02-3a227a5c4343,mined__github_py23_cd35c90b41ac798d,not_equivalent,train,generic_mutation,164,129,293
46dd0916-f616-4592-973b-050ac188a8a1,mined__github_py23_cd35c90b41ac798d,not_equivalent,train,generic_mutation,164,129,293
f7a6b0f0-5304-464a-a6ed-01031f8a1621,mined__github_py23_cd35c90b41ac798d,not_equivalent,train,generic_mutation,164,130,294
72e5e5bf-f986-442b-9b40-120567288ce2,mined__github_py23_cdb1369dd9a520a9,not_equivalent,train,generic_mutation,88,72,160
cfe6f239-0c9b-4a84-a69d-28b0be4889a2,mined__github_py23_a5046681b61f9ff9,not_equivalent,train,generic_mutation,221,180,401
0ecb9765-a69b-47ca-9310-5ead72f2cd9c,mined__github_py23_a99a109ecebe1ca2,not_equivalent,train,generic_mutation,174,142,316
62c9797e-0510-4960-a49c-786d06961ba2,mined__github_py23_5d6966b256251320,not_equivalent,train,generic_mutation,110,90,200
eb8f28db-9d54-47e6-8394-792050c1c0c2,mined__github_py23_b35594b70585f167,not_equivalent,train,generic_mutation,115,94,209
592e6475-4817-431a-ac29-00a5ae80121b,mined__github_py23_95c906f83fc9d4fc,not_equivalent,train,generic_mutation,314,240,554
cddc886c-3b95-4acc-965b-50cd94f4f1e1,mined__github_py23_979455e2cc16bdcb,not_equivalent,train,generic_mutation,150,129,279
bde178a9-5bbb-4ee2-8b7c-0d83df5e091e,mined__github_py23_af625db57d479be5,not_equivalent,train,generic_mutation,112,94,206
0799d526-b56b-4510-866c-dbf1075ddf8e,mined__github_py23_5ead59b74047a955,not_equivalent,val,generic_mutation,344,268,612
c781ec44-8597-4ae4-90e7-9e8d6f7e66bc,mined__github_py23_5ead59b74047a955,not_equivalent,val,generic_mutation,344,268,612
d1d56bc8-ceda-43c3-85e9-329891eb54f4,mined__github_py23_5ead59b74047a955,not_equivalent,val,generic_mutation,344,269,613
25b58858-1385-412d-b732-8fc051a6c30e,mined__github_py23_3ef11a6d130255c1,not_equivalent,train,generic_mutation,248,172,420
c6ed0084-3358-45ff-9e84-791c759b5c2b,mined__github_py23_a6a7c0926c12e3e5,not_equivalent,test,generic_mutation,49,42,91
19876203-b9a6-493d-986e-6bbf64074acf,mined__github_py23_9ee4bce5fb2b8b88,not_equivalent,test,generic_mutation,50,43,93
dd4059d1-843a-4902-bbb1-907cb005ad83,mined__github_py23_7f06959aea44ac9b,not_equivalent,val,generic_mutation,343,280,623
71fb28e0-925a-4fac-b1e3-9fabe9bf1f98,mined__github_py23_ff0de6a9e076b4e6,not_equivalent,train,generic_mutation,978,817,1795
1a350053-d25e-4555-a956-d31c009e5742,mined__github_py23_fe18e1dbc7dacd15,not_equivalent,train,generic_mutation,1407,1049,2456
ca99c1fd-c186-4bba-829c-9111331e2d10,mined__github_py23_fe18e1dbc7dacd15,not_equivalent,train,generic_mutation,1407,1049,2456
a7869457-a817-42ff-9413-e2628cb65e8a,mined__github_py23_fe18e1dbc7dacd15,not_equivalent,train,generic_mutation,1407,1049,2456
1067c8de-2a4d-47da-a83f-07c9d6f5fc90,mined__github_py23_fe18e1dbc7dacd15,not_equivalent,train,generic_mutation,1407,1048,2455
b57de062-a057-403d-a8b4-e1c3f1890576,mined__github_py23_fe18e1dbc7dacd15,not_equivalent,train,generic_mutation,1407,1050,2457
27e4f357-0d4a-445d-a7a1-c8f1664b3278,mismatch__mined__github_py23_381d8546b5877771__mined__github_py23_461f5ee536ce06bb,not_equivalent,val,mismatch,515,168,683
1fd8bd7c-64e3-451e-ab98-a72e446b63fb,mismatch__mined__github_py23_9649e292d93a9563__dict_values_list_01,not_equivalent,train,mismatch,532,32,564
d16e69be-3bf6-4fad-9a3f-e73b9fd1a726,mismatch__mined__github_py23_e4f59c5d3dcda6aa__mined__github_py23_fa5d4b926242ef70,not_equivalent,test,mismatch,199,178,377
626ca742-8a1e-4fd3-b12d-c6d2ae3e468b,mismatch__mined__github_py23_2559304a4c99cb32__mined__github_py23_ba472204f605f4e3,not_equivalent,train,mismatch,155,234,389
9e9480ac-525f-435d-b101-ce9ce57fd891,mismatch__mined__github_py23_e1a965ec0966ea85__mined__github_py23_2739704bb3ea4346,not_equivalent,train,mismatch,235,109,344
5920dab7-2c9d-4dce-8c53-7cefce2df2a5,mismatch__mined__github_py23_a73b24f92d0c20ee__mined__github_py23_29fa9ff144335c42,not_equivalent,train,mismatch,159,496,655
98b39f95-4555-4a8f-a327-54e6dca2ddfe,mismatch__mined__github_py23_d5faa4b7a392ad17__mined__github_py23_f863b1be99c2d31d,not_equivalent,train,mismatch,346,203,549
221bbf31-4e05-4c05-8a8e-d6334d12cbdc,mismatch__mined__github_py23_cdb1369dd9a520a9__mined__github_py23_e300f93bedae7ce7,not_equivalent,train,mismatch,88,320,408
fb17f092-aaec-4444-8c78-6522f2301f6f,mismatch__mined__github_py23_0f2e336c64328948__mined__github_py23_e300f93bedae7ce7,not_equivalent,train,mismatch,732,320,1052
a84e3988-0f9c-474a-85c4-55abad9cfdb3,mismatch__mined__github_py23_a4adbcefee463847__mined__github_py23_d593795caf48ad7a,not_equivalent,train,mismatch,111,70,181
abc885ec-3418-4be5-8af5-3e7f1b74c793,mismatch__mined__github_py23_dcc036a716667c56__mined__github_py23_06f8c3a348dab8c6,not_equivalent,train,mismatch,839,206,1045
e2ba24ff-3af6-483c-9b36-596405a92638,mismatch__mined__github_py23_377c6f2a1a458350__mined__github_py23_63a23b8c3503d24b,not_equivalent,train,mismatch,117,828,945
69e84f3f-b0d3-4f8d-b6e2-3b81622e7cf0,mismatch__mined__github_py23_c5ee995b989dbd37__mined__github_py23_bb1ee6a56aeeabfa,not_equivalent,train,mismatch,134,106,240
aba301df-1ca7-4071-b23c-8bd02a92de42,mismatch__mined__github_py23_1e998f132b882108__mined__github_py23_81ef2a9482e67f5c,not_equivalent,train,mismatch,335,158,493
3d228794-e2cb-4bd4-9cde-4604c523c65b,mismatch__mined__github_py23_4820937316ce1966__mined__github_py23_714742d93306762f,not_equivalent,test,mismatch,591,213,804
